desciption1,desciption2
"ทานตะวัน มีชื่อตามภาษาถิ่นพายัพว่า บัวผัด เป็นพืชปีเดียว (annual plant) อยู่ในวงศ์ Asteraceae มีฐานรองกลุ่มดอก (inflorescence) ขนาดใหญ่ ลำต้นโตได้สูงถึง 3 เมตร ฐานรองกลีบดอกอาจกว้างได้ถึง 30 เซนติเมตร ชื่อ ""ทานตะวัน"" ถูกใช้อ้างอิงถึงพืชทั้งหมดในสกุล Helianthus ด้วยเช่นกัน",เพื่อให้ต้นไม้มีการเจริญเติบโตได้อย่างดี อยู่กับคุณไปนานๆ คุณก็ควรดูแลต้นไม้ให้ถูกวิธี โดยการเลือกดินให้เหมาะสมกับชนิดพืช ใส่กรวดลงไปในดินบ้างเพื่อให้ช่วยยึดพืช พร้อมเพิ่มช่องว่างให้อากาศและน้ำถ่ายเทได้อย่างสะดวก ไม่ขังอยู่ในกระถางจนรากเน่าตาย และควรรดน้ำกับความต้องการของต้นไม้ และนำไปตากแดดบ้าง เพื่อให้พืชได้รับแสงอาทิตย์ไว้คอยสังเคราะห์แสง แต่ถึงกระนั้นก็ไม่ควรตั้งกระถางต้นไม้ในที่ร้อนจัดหรือโดนแดดแรงจัดๆอย่างตรงๆมากเกินไป ส่วนพื้นที่มีลมแรงมาก ๆ ก็ไม่เหมาะ เนื่องจากอาจจะทำให้ลำต้นเอียงได้
"กุหลาบ (อังกฤษ: rose) คือดอกไม้ในสกุล Rosa ในวงศ์ Rosaceae ที่ได้รับความนิยมปลูกมากที่สุดชนิดหนึ่งของโลกที่มีต้นกำเนิดจากทวีปเอเชีย ผู้คนนิยมปลูกเพื่อความสวยงาม ตกแต่งสวน, ประดับตกแต่งบ้าน, ประดับสถานที่, ปลูกเพื่อการพาณิชย์ อาทิ เพื่อนำไปสกัดน้ำหอม นำไปทำเป็นส่วนประกอบของสปา เป็นต้",เพื่อให้ต้นไม้มีการเจริญเติบโตได้อย่างดี อยู่กับคุณไปนานๆ คุณก็ควรดูแลต้นไม้ให้ถูกวิธี โดยการเลือกดินให้เหมาะสมกับชนิดพืช ใส่กรวดลงไปในดินบ้างเพื่อให้ช่วยยึดพืช พร้อมเพิ่มช่องว่างให้อากาศและน้ำถ่ายเทได้อย่างสะดวก ไม่ขังอยู่ในกระถางจนรากเน่าตาย และควรรดน้ำกับความต้องการของต้นไม้ และนำไปตากแดดบ้าง เพื่อให้พืชได้รับแสงอาทิตย์ไว้คอยสังเคราะห์แสง แต่ถึงกระนั้นก็ไม่ควรตั้งกระถางต้นไม้ในที่ร้อนจัดหรือโดนแดดแรงจัดๆอย่างตรงๆมากเกินไป ส่วนพื้นที่มีลมแรงมาก ๆ ก็ไม่เหมาะ เนื่องจากอาจจะทำให้ลำต้นเอียงได้
ทิวลิป เป็นดอกไม้เมืองหนาวที่เป็นสัญลักษณ์ของฮอลแลนด์ มีอยู่หลายสี ดอกทิวลิปจะปลูกได้ต้องใช้อุณหภูมิที่เหมาะสม คือไม่เกิน 25 องศาเซลเซียส,เพื่อให้ต้นไม้มีการเจริญเติบโตได้อย่างดี อยู่กับคุณไปนานๆ คุณก็ควรดูแลต้นไม้ให้ถูกวิธี โดยการเลือกดินให้เหมาะสมกับชนิดพืช ใส่กรวดลงไปในดินบ้างเพื่อให้ช่วยยึดพืช พร้อมเพิ่มช่องว่างให้อากาศและน้ำถ่ายเทได้อย่างสะดวก ไม่ขังอยู่ในกระถางจนรากเน่าตาย และควรรดน้ำกับความต้องการของต้นไม้ และนำไปตากแดดบ้าง เพื่อให้พืชได้รับแสงอาทิตย์ไว้คอยสังเคราะห์แสง แต่ถึงกระนั้นก็ไม่ควรตั้งกระถางต้นไม้ในที่ร้อนจัดหรือโดนแดดแรงจัดๆอย่างตรงๆมากเกินไป ส่วนพื้นที่มีลมแรงมาก ๆ ก็ไม่เหมาะ เนื่องจากอาจจะทำให้ลำต้นเอียงได้
Begonia อ่านว่า เบ็กโกเนีย แต่ คนไทยเรียกไม้ดอกชนิดนี้ว่า บีโกเนีย มีถิ่นกำเนิดใน เอเชีย และ อเมริกา มีทั้งชนิดที่ใช้ดอกตกแต่ง และใช้ใบตกแต่ง แต่ ที่นิยมปลูกทุกวันนี้ เพื่อความสวยงามของดอกเป็นส่วนใหญ่ บีโกเนียนั้นต้นมีขนาดเล็กเหมาะสำหรับปลูกเป็นพืชคลุมดิน เป็นไม้กระถาง หรือ ไม้ในภาชนะแขวนก็ได้,เพื่อให้ต้นไม้มีการเจริญเติบโตได้อย่างดี อยู่กับคุณไปนานๆ คุณก็ควรดูแลต้นไม้ให้ถูกวิธี โดยการเลือกดินให้เหมาะสมกับชนิดพืช ใส่กรวดลงไปในดินบ้างเพื่อให้ช่วยยึดพืช พร้อมเพิ่มช่องว่างให้อากาศและน้ำถ่ายเทได้อย่างสะดวก ไม่ขังอยู่ในกระถางจนรากเน่าตาย และควรรดน้ำกับความต้องการของต้นไม้ และนำไปตากแดดบ้าง เพื่อให้พืชได้รับแสงอาทิตย์ไว้คอยสังเคราะห์แสง แต่ถึงกระนั้นก็ไม่ควรตั้งกระถางต้นไม้ในที่ร้อนจัดหรือโดนแดดแรงจัดๆอย่างตรงๆมากเกินไป ส่วนพื้นที่มีลมแรงมาก ๆ ก็ไม่เหมาะ เนื่องจากอาจจะทำให้ลำต้นเอียงได้
กุหลาบหนู เป็นพวกกุหลาบพันธุ์เตี้ยแคะ (Miniature Roses) พุ่มทึบบ สูงเพียงราว 6-18 นิ้วเท่านั้น ส่วนดอกก็มีเส้นผ่าศูนย์กลาง 0.5-1 นิ้ว ดอกมักจะออกพร้อม ๆ กันเป็นระยะ ๆ เกือบตลอดปี,เพื่อให้ต้นไม้มีการเจริญเติบโตได้อย่างดี อยู่กับคุณไปนานๆ คุณก็ควรดูแลต้นไม้ให้ถูกวิธี โดยการเลือกดินให้เหมาะสมกับชนิดพืช ใส่กรวดลงไปในดินบ้างเพื่อให้ช่วยยึดพืช พร้อมเพิ่มช่องว่างให้อากาศและน้ำถ่ายเทได้อย่างสะดวก ไม่ขังอยู่ในกระถางจนรากเน่าตาย และควรรดน้ำกับความต้องการของต้นไม้ และนำไปตากแดดบ้าง เพื่อให้พืชได้รับแสงอาทิตย์ไว้คอยสังเคราะห์แสง แต่ถึงกระนั้นก็ไม่ควรตั้งกระถางต้นไม้ในที่ร้อนจัดหรือโดนแดดแรงจัดๆอย่างตรงๆมากเกินไป ส่วนพื้นที่มีลมแรงมาก ๆ ก็ไม่เหมาะ เนื่องจากอาจจะทำให้ลำต้นเอียงได้
ดอกอาซาเลีย (Azalea) หรือที่คนไทยนิยมเรียกกันว่า กุหลาบพันปีอาซาเลีย มีถิ่นกำเนิดอยู่ในแถบอเมริกากลาง เป็นไม้ดอกที่มีลำต้นไม่สูงมาก,เพื่อให้ต้นไม้มีการเจริญเติบโตได้อย่างดี อยู่กับคุณไปนานๆ คุณก็ควรดูแลต้นไม้ให้ถูกวิธี โดยการเลือกดินให้เหมาะสมกับชนิดพืช ใส่กรวดลงไปในดินบ้างเพื่อให้ช่วยยึดพืช พร้อมเพิ่มช่องว่างให้อากาศและน้ำถ่ายเทได้อย่างสะดวก ไม่ขังอยู่ในกระถางจนรากเน่าตาย และควรรดน้ำกับความต้องการของต้นไม้ และนำไปตากแดดบ้าง เพื่อให้พืชได้รับแสงอาทิตย์ไว้คอยสังเคราะห์แสง แต่ถึงกระนั้นก็ไม่ควรตั้งกระถางต้นไม้ในที่ร้อนจัดหรือโดนแดดแรงจัดๆอย่างตรงๆมากเกินไป ส่วนพื้นที่มีลมแรงมาก ๆ ก็ไม่เหมาะ เนื่องจากอาจจะทำให้ลำต้นเอียงได้
รักเร่ เป็นพันธุ์ไม้ดอกในสกุล Dahlia ที่มีถิ่นกำเนิดในเม็กซิโก โคลัมเบีย และทั่วไปในทวีปอเมริกากลาง ดอกมีรูปทรงและสีสันสวยงามสะดุดตา ก้านดอกแข็งแรง นิยมปลูกเป็นไม้ตัดดอก เช่นเดียวกับกุหลาบ แต่ในประเทศไทยไม่นิยมปลูก เนื่องมาจากมีชื่อที่ไม่เป็นมงคล,เพื่อให้ต้นไม้มีการเจริญเติบโตได้อย่างดี อยู่กับคุณไปนานๆ คุณก็ควรดูแลต้นไม้ให้ถูกวิธี โดยการเลือกดินให้เหมาะสมกับชนิดพืช ใส่กรวดลงไปในดินบ้างเพื่อให้ช่วยยึดพืช พร้อมเพิ่มช่องว่างให้อากาศและน้ำถ่ายเทได้อย่างสะดวก ไม่ขังอยู่ในกระถางจนรากเน่าตาย และควรรดน้ำกับความต้องการของต้นไม้ และนำไปตากแดดบ้าง เพื่อให้พืชได้รับแสงอาทิตย์ไว้คอยสังเคราะห์แสง แต่ถึงกระนั้นก็ไม่ควรตั้งกระถางต้นไม้ในที่ร้อนจัดหรือโดนแดดแรงจัดๆอย่างตรงๆมากเกินไป ส่วนพื้นที่มีลมแรงมาก ๆ ก็ไม่เหมาะ เนื่องจากอาจจะทำให้ลำต้นเอียงได้
ชบา (ชื่อวิทยาศาสตร์: Hibiscus rosa-sinensis) เป็นพืชมีดอกในสกุล Hibiscus วงศ์ Malvaceae เป็นพืชพื้นเมืองในเอเชียตะวันออก ชาวโอรังอัซลีในรัฐเปรัก มาเลเซีย ใช้เปลือกรากแช่ในน้ำข้ามคืนและดื่มขณะท้องว่างเพื่อรักษาฝี,เพื่อให้ต้นไม้มีการเจริญเติบโตได้อย่างดี อยู่กับคุณไปนานๆ คุณก็ควรดูแลต้นไม้ให้ถูกวิธี โดยการเลือกดินให้เหมาะสมกับชนิดพืช ใส่กรวดลงไปในดินบ้างเพื่อให้ช่วยยึดพืช พร้อมเพิ่มช่องว่างให้อากาศและน้ำถ่ายเทได้อย่างสะดวก ไม่ขังอยู่ในกระถางจนรากเน่าตาย และควรรดน้ำกับความต้องการของต้นไม้ และนำไปตากแดดบ้าง เพื่อให้พืชได้รับแสงอาทิตย์ไว้คอยสังเคราะห์แสง แต่ถึงกระนั้นก็ไม่ควรตั้งกระถางต้นไม้ในที่ร้อนจัดหรือโดนแดดแรงจัดๆอย่างตรงๆมากเกินไป ส่วนพื้นที่มีลมแรงมาก ๆ ก็ไม่เหมาะ เนื่องจากอาจจะทำให้ลำต้นเอียงได้
"พุดตาน (ชื่อวิทยาศาสตร์: Hibiscus mutabilis L.) (ชื่อสามัญ: Cotton rose, Cotton rose hibiscus, Confederate rose, Confederate rose mallow, Dixie rosemallow, Changeable Rose, Changeable rose mallow, Rose of Sharon) พรรณไม้มงคลไทยสรรพคุณทางยาควรค่าที่จะมีปลูกไว้ เป็นพันธุ์ไม้ที่ดอกสามารถเปลี่ยนสีได้ถึง 3 สี ภายใน 1 วัน ใบสวยงามมากเมื่อมีใบดกทั่วต้นโดยเป็นไม้ที่ชอบแดดจัด และไม่ชอบน้ำขัง เจริญได้ดีในดินดอนร่วนซุย ขยายพันธุ์ด้วยการตอนกิ่งและปักชำ และยังมีสรรพคุณสามารถรักษาโรคได้อีกด้วย",เพื่อให้ต้นไม้มีการเจริญเติบโตได้อย่างดี อยู่กับคุณไปนานๆ คุณก็ควรดูแลต้นไม้ให้ถูกวิธี โดยการเลือกดินให้เหมาะสมกับชนิดพืช ใส่กรวดลงไปในดินบ้างเพื่อให้ช่วยยึดพืช พร้อมเพิ่มช่องว่างให้อากาศและน้ำถ่ายเทได้อย่างสะดวก ไม่ขังอยู่ในกระถางจนรากเน่าตาย และควรรดน้ำกับความต้องการของต้นไม้ และนำไปตากแดดบ้าง เพื่อให้พืชได้รับแสงอาทิตย์ไว้คอยสังเคราะห์แสง แต่ถึงกระนั้นก็ไม่ควรตั้งกระถางต้นไม้ในที่ร้อนจัดหรือโดนแดดแรงจัดๆอย่างตรงๆมากเกินไป ส่วนพื้นที่มีลมแรงมาก ๆ ก็ไม่เหมาะ เนื่องจากอาจจะทำให้ลำต้นเอียงได้
ราชาวดี (อังกฤษ: butterfly bush[1]; ชื่อวิทยาศาสตร์: Buddleja paniculata) เป็นไม้ประดับในวงศ์ Buddlejaceae มีถิ่นกำเนิดทางตอนเหนือของอินเดียและจีน[2] ลักษณะเป็นไม้ต้นขนาดเล็กถึงไม้พุ่ม สูง 2-5 เมตร ตามกิ่งมีขน ใบเป็นใบเดี่ยวรูปไข่ ออกตรงข้าม กว้าง 3.5-5 เซนติเมตร ยาว 5-7 เซนติเมตร โคนใบมน ปลายใบแหลม ขอบใบหยักฟันเลื่อยถี่ เนื้อใบหยาบ ท้องใบสีเขียวอมเทา มีขนสากหลังใบสีเขียว ดอกออกเป็นช่อตามซอกใบ ยาว 6-10 เซนติเมตร ดอกย่อยมีขนาดเล็กสีขาว โคนกลีบดอกเชื่อมติดกันเป็นหลอดสั้น ปลายแยกเป็น 4 กลีบ เกสรเพศผู้ 4 อัน ดอกมีกลิ่นหอม ผลเมื่อแก่แตกเป็น 2 ซีก ภายในมีเมล็ดขนาดเล็กจำนวนมาก ขยายพันธุ์ด้วยการเพาะเมล็ด ปักชำกิ่งและตอนกิ่ง,เพื่อให้ต้นไม้มีการเจริญเติบโตได้อย่างดี อยู่กับคุณไปนานๆ คุณก็ควรดูแลต้นไม้ให้ถูกวิธี โดยการเลือกดินให้เหมาะสมกับชนิดพืช ใส่กรวดลงไปในดินบ้างเพื่อให้ช่วยยึดพืช พร้อมเพิ่มช่องว่างให้อากาศและน้ำถ่ายเทได้อย่างสะดวก ไม่ขังอยู่ในกระถางจนรากเน่าตาย และควรรดน้ำกับความต้องการของต้นไม้ และนำไปตากแดดบ้าง เพื่อให้พืชได้รับแสงอาทิตย์ไว้คอยสังเคราะห์แสง แต่ถึงกระนั้นก็ไม่ควรตั้งกระถางต้นไม้ในที่ร้อนจัดหรือโดนแดดแรงจัดๆอย่างตรงๆมากเกินไป ส่วนพื้นที่มีลมแรงมาก ๆ ก็ไม่เหมาะ เนื่องจากอาจจะทำให้ลำต้นเอียงได้
"เอื้องหมายนา (ชื่อวิทยาศาสตร์: Costus speciosus, หรือ Cheilocostus speciosus; อังกฤษ: Indian Head Ginger) หรือ เอื้องเพชรม้า เป็นพืชล้มลุกอายุหลายฤดู จัดอยู่ในวงศ์เอื้องหมายนา ชอบขึ้นในที่ชื้นแฉะ มีเหง้าใต้ดิน ใช้เป็นไม้ประดับได้ เจริญได้ดีทั้งในที่ได้รับร่มเงาบ้าง หรือกลางแสงแดดจัดที่มีความชื้นสูง เอื้องหมายนาเป็นพืชมีถิ่นกำเนิดในเขตร้อนและเป็นพืชประจำถิ่นในประเทศอินเดีย ภูมิภาคเอเชียตะวันออกเฉียงใต้ จนถึงเกาะนิวกินี",เพื่อให้ต้นไม้มีการเจริญเติบโตได้อย่างดี อยู่กับคุณไปนานๆ คุณก็ควรดูแลต้นไม้ให้ถูกวิธี โดยการเลือกดินให้เหมาะสมกับชนิดพืช ใส่กรวดลงไปในดินบ้างเพื่อให้ช่วยยึดพืช พร้อมเพิ่มช่องว่างให้อากาศและน้ำถ่ายเทได้อย่างสะดวก ไม่ขังอยู่ในกระถางจนรากเน่าตาย และควรรดน้ำกับความต้องการของต้นไม้ และนำไปตากแดดบ้าง เพื่อให้พืชได้รับแสงอาทิตย์ไว้คอยสังเคราะห์แสง แต่ถึงกระนั้นก็ไม่ควรตั้งกระถางต้นไม้ในที่ร้อนจัดหรือโดนแดดแรงจัดๆอย่างตรงๆมากเกินไป ส่วนพื้นที่มีลมแรงมาก ๆ ก็ไม่เหมาะ เนื่องจากอาจจะทำให้ลำต้นเอียงได้
เป็นไม้พุ่มขนาดเล็ก สูง 2-4 เมตร แตกกิ่งขนาดเล็กจำนวนมาก เปลือกลำต้นสีน้ำตาลเป็นปุ่มปมเล็ก ใบเดี่ยวเรียงเวียนสลับ ยาว 5-8 เซนติเมตร ขอบใบเป็นคลื่น ผิวใบเรียบเป็นมันทั้งสองด้าน ดอกออกเป็นช่อสีขาวที่ปลายกิ่ง มีดอกย่อย 15-20 ดอก โคนกลีบดอกเป็นหลอด ยาว 1 เซนติเมตร ปลายแยกเป็น 5-6 กลีบ เมื่อบานมีเส้นผ่านศูนย์กลาง 6-8 มิลลิเมตร ผลกลม เปลือกนิ่มสีดำ,เพื่อให้ต้นไม้มีการเจริญเติบโตได้อย่างดี อยู่กับคุณไปนานๆ คุณก็ควรดูแลต้นไม้ให้ถูกวิธี โดยการเลือกดินให้เหมาะสมกับชนิดพืช ใส่กรวดลงไปในดินบ้างเพื่อให้ช่วยยึดพืช พร้อมเพิ่มช่องว่างให้อากาศและน้ำถ่ายเทได้อย่างสะดวก ไม่ขังอยู่ในกระถางจนรากเน่าตาย และควรรดน้ำกับความต้องการของต้นไม้ และนำไปตากแดดบ้าง เพื่อให้พืชได้รับแสงอาทิตย์ไว้คอยสังเคราะห์แสง แต่ถึงกระนั้นก็ไม่ควรตั้งกระถางต้นไม้ในที่ร้อนจัดหรือโดนแดดแรงจัดๆอย่างตรงๆมากเกินไป ส่วนพื้นที่มีลมแรงมาก ๆ ก็ไม่เหมาะ เนื่องจากอาจจะทำให้ลำต้นเอียงได้
พลับพลึงตีนเป็ด (ชื่อวิทยาศาสตร์: Hymenocallis littoralis Salisb) เป็นพืชตระกูล AMARYLLIDACEAE พบทุกภูมิภาคของประเทศไทย มีหัวอยู่ใต้ดินลำต้นกลมสูงประมาณ 30 ซม. ใบเป็นรูปแถบแคบเรียวแหลม ออกตรงข้ามกันสองข้าง ขอบใบเรียบ อวบน้ำ ดอกเป็นช่อกระจุกโปร่งมี 8 - 10 ดอก แต่ละดอกมีระยางค์ที่เกิดจาก ก้านเกสรเพศผู้ ที่เชื่อมติดกันเป็นวงคล้ายถ้วย บานตอนกลางคืน - เช้า มีกลิ่นหอมอ่อน ๆ ผลสดสีเขียว รูปร่างค่อนข้างกลม แก่จะเป็นสีน้ำตาล เมล็ดรูปร่างกลม ๆ เล็ก แก่แล้วเป็นสีน้ำตาล ขยายพันธุ์โดยการแยกหน่อปลูก มีประโยชน์ โดยใช้ใบนำเอามาย่างไฟพันแก้ฟกช้ำ บวม เคล็ดขัดยอก ใช้อยู่ไฟหลังคลอด หัวมีรสขม ในอินเดียใช้เป็นยาระบาย ขับเสมหะ รักษาโรคเกี่ยวกับน้ำดี,เพื่อให้ต้นไม้มีการเจริญเติบโตได้อย่างดี อยู่กับคุณไปนานๆ คุณก็ควรดูแลต้นไม้ให้ถูกวิธี โดยการเลือกดินให้เหมาะสมกับชนิดพืช ใส่กรวดลงไปในดินบ้างเพื่อให้ช่วยยึดพืช พร้อมเพิ่มช่องว่างให้อากาศและน้ำถ่ายเทได้อย่างสะดวก ไม่ขังอยู่ในกระถางจนรากเน่าตาย และควรรดน้ำกับความต้องการของต้นไม้ และนำไปตากแดดบ้าง เพื่อให้พืชได้รับแสงอาทิตย์ไว้คอยสังเคราะห์แสง แต่ถึงกระนั้นก็ไม่ควรตั้งกระถางต้นไม้ในที่ร้อนจัดหรือโดนแดดแรงจัดๆอย่างตรงๆมากเกินไป ส่วนพื้นที่มีลมแรงมาก ๆ ก็ไม่เหมาะ เนื่องจากอาจจะทำให้ลำต้นเอียงได้
พุดจีบ ชื่อวิทยาศาสตร์ Tabernaemontana divaricata (L.) R.Br. ex Roem. & Schult. จัดอยู่ในวงศ์ตีนเป็ด (APOCYNACEAE) และอยู่ในวงศ์ย่อยระย่อม (RAUVOLFIOIDEAE)[1],เพื่อให้ต้นไม้มีการเจริญเติบโตได้อย่างดี อยู่กับคุณไปนานๆ คุณก็ควรดูแลต้นไม้ให้ถูกวิธี โดยการเลือกดินให้เหมาะสมกับชนิดพืช ใส่กรวดลงไปในดินบ้างเพื่อให้ช่วยยึดพืช พร้อมเพิ่มช่องว่างให้อากาศและน้ำถ่ายเทได้อย่างสะดวก ไม่ขังอยู่ในกระถางจนรากเน่าตาย และควรรดน้ำกับความต้องการของต้นไม้ และนำไปตากแดดบ้าง เพื่อให้พืชได้รับแสงอาทิตย์ไว้คอยสังเคราะห์แสง แต่ถึงกระนั้นก็ไม่ควรตั้งกระถางต้นไม้ในที่ร้อนจัดหรือโดนแดดแรงจัดๆอย่างตรงๆมากเกินไป ส่วนพื้นที่มีลมแรงมาก ๆ ก็ไม่เหมาะ เนื่องจากอาจจะทำให้ลำต้นเอียงได้
"ชื่อวิทยาศาสตร์ Clerodendrum wallichiชื่อวงศ์ LABIATAEชื่ออื่นๆ ระย้าแก้ว,สังวาลย์พระอินทร์, ตุ้มหูพระอินทร์, พวงระย้าสร้อยสายเพชร เป็นไม้ทรงพุ่มขนาดเล็ก จัดเป็นพืชในวงศ์เดียวกันกับกระเพาะ มักพบเห็นได้ตามป่าเขาที่มีความร่มรื่นใต้ต้นไม้ มีถิ่นกำเนิดอยู่ในประเทศอินเดีย เนปาล ต่อมาได้แพร่กระจายพันธุ์ไปสู่เอเชียตะวันออกเฉียงใต้ และประเทศไทย",เพื่อให้ต้นไม้มีการเจริญเติบโตได้อย่างดี อยู่กับคุณไปนานๆ คุณก็ควรดูแลต้นไม้ให้ถูกวิธี โดยการเลือกดินให้เหมาะสมกับชนิดพืช ใส่กรวดลงไปในดินบ้างเพื่อให้ช่วยยึดพืช พร้อมเพิ่มช่องว่างให้อากาศและน้ำถ่ายเทได้อย่างสะดวก ไม่ขังอยู่ในกระถางจนรากเน่าตาย และควรรดน้ำกับความต้องการของต้นไม้ และนำไปตากแดดบ้าง เพื่อให้พืชได้รับแสงอาทิตย์ไว้คอยสังเคราะห์แสง แต่ถึงกระนั้นก็ไม่ควรตั้งกระถางต้นไม้ในที่ร้อนจัดหรือโดนแดดแรงจัดๆอย่างตรงๆมากเกินไป ส่วนพื้นที่มีลมแรงมาก ๆ ก็ไม่เหมาะ เนื่องจากอาจจะทำให้ลำต้นเอียงได้
"ชมนาด [ชม-มะ-นาด] หรือ ชำมะนาด (ชื่อวิทยาศาสตร์: Vallaris glabra; ชื่อพื้นเมืองอื่น ๆ คือ ดอกข้าวใหม่, อ้มส้าย (ภาคเหนือ), ชำมะนาดฝรั่ง) เป็นไม้รอเลื้อย จัดอยู่ในพวกไม้เถาขนาดกลาง สามารถแผ่ขยายได้ถึง 6–8 เมตร ใบเป็นใบเดี่ยว ออกตรงข้าม รูปไข่แกมรี ปลายแหลม โคนมน สีเขียว มีกลิ่นหอมเหมือนใบเตยซึ่งคล้ายกลิ่นข้าวใหม่ทำให้ได้ชื่อว่า ""ข้าวใหม่"" เป็นไม้ที่ชอบแดดจัดต้องการรับแสงแดดเต็มวัน ชอบดินร่วนซุยที่สามารถระบายน้ำได้ดี การใช้ประโยชน์ เป็นไม้ที่ดอกมีกลิ่นหอม บานช่วงเวลากลางคืน ใช้ทำน้ำอบ ข้าวแช่",เพื่อให้ต้นไม้มีการเจริญเติบโตได้อย่างดี อยู่กับคุณไปนานๆ คุณก็ควรดูแลต้นไม้ให้ถูกวิธี โดยการเลือกดินให้เหมาะสมกับชนิดพืช ใส่กรวดลงไปในดินบ้างเพื่อให้ช่วยยึดพืช พร้อมเพิ่มช่องว่างให้อากาศและน้ำถ่ายเทได้อย่างสะดวก ไม่ขังอยู่ในกระถางจนรากเน่าตาย และควรรดน้ำกับความต้องการของต้นไม้ และนำไปตากแดดบ้าง เพื่อให้พืชได้รับแสงอาทิตย์ไว้คอยสังเคราะห์แสง แต่ถึงกระนั้นก็ไม่ควรตั้งกระถางต้นไม้ในที่ร้อนจัดหรือโดนแดดแรงจัดๆอย่างตรงๆมากเกินไป ส่วนพื้นที่มีลมแรงมาก ๆ ก็ไม่เหมาะ เนื่องจากอาจจะทำให้ลำต้นเอียงได้
มะขาม เป็นไม้เขตร้อน มีถิ่นกำเนิดอยู่ในทวีปแอฟริกาแถบประเทศซูดาน ต่อมามีการนำเข้ามาในประเทศแถบเขตร้อนของเอเชียและประเทศแถบลาตินอเมริกา และในปัจจุบันมีมากในเม็กซิโกชื่อมะขามในภาคต่าง ๆ เรียก มะขามไทย ภาคกลาง ขาม ภาคใต้ ตะลูบ โคราช ม่วงโคล้ง (กะเหรี่ยง-กาญจนบุรี) อำเปียล เขมร จังหวัดสุรินทร์ ในภาษาอังกฤษใช้คำว่า tamarind ซึ่งมาจากภาษาอาหรับ:تمر هندي (tamr hindī) แปลว่า Indian date,เพื่อให้ต้นไม้มีการเจริญเติบโตได้อย่างดี อยู่กับคุณไปนานๆ คุณก็ควรดูแลต้นไม้ให้ถูกวิธี โดยการเลือกดินให้เหมาะสมกับชนิดพืช ใส่กรวดลงไปในดินบ้างเพื่อให้ช่วยยึดพืช พร้อมเพิ่มช่องว่างให้อากาศและน้ำถ่ายเทได้อย่างสะดวก ไม่ขังอยู่ในกระถางจนรากเน่าตาย และควรรดน้ำกับความต้องการของต้นไม้ และนำไปตากแดดบ้าง เพื่อให้พืชได้รับแสงอาทิตย์ไว้คอยสังเคราะห์แสง แต่ถึงกระนั้นก็ไม่ควรตั้งกระถางต้นไม้ในที่ร้อนจัดหรือโดนแดดแรงจัดๆอย่างตรงๆมากเกินไป ส่วนพื้นที่มีลมแรงมาก ๆ ก็ไม่เหมาะ เนื่องจากอาจจะทำให้ลำต้นเอียงได้
มะดัน (ชื่อวิทยาศาสตร์: Garcinia schomburgkiana pierre.) หรือส้มไม่รู้ถอย หรือส้มมะดัน เป็น ผลไม้ที่เป็นประเภทไม้ยืนต้น ไม่ผลัดใบ อยู่ในวงศ์ GUTTIFERAE มีกิ่งก้านเล็ก ๆ จำนวนมาก โคนกิ่งเล็กเป็นเต้านูน บางต้นมีกิ่งเล็ก ๆ งอกสานกันคล้ายรังนก เรียกรกมะดัน ใบเดี่ยวรูปไข่ ปลายแหลม ดอกสีเขียว ผลมะดันนั้นมีลักษณะที่ยาวรีสีเขียวและเปรี้ยวจัด เป็นผลไม้ที่มีวิตามินซีสูง เปลือกหุ้มเมล็ดแข็งและขรุขระ,เพื่อให้ต้นไม้มีการเจริญเติบโตได้อย่างดี อยู่กับคุณไปนานๆ คุณก็ควรดูแลต้นไม้ให้ถูกวิธี โดยการเลือกดินให้เหมาะสมกับชนิดพืช ใส่กรวดลงไปในดินบ้างเพื่อให้ช่วยยึดพืช พร้อมเพิ่มช่องว่างให้อากาศและน้ำถ่ายเทได้อย่างสะดวก ไม่ขังอยู่ในกระถางจนรากเน่าตาย และควรรดน้ำกับความต้องการของต้นไม้ และนำไปตากแดดบ้าง เพื่อให้พืชได้รับแสงอาทิตย์ไว้คอยสังเคราะห์แสง แต่ถึงกระนั้นก็ไม่ควรตั้งกระถางต้นไม้ในที่ร้อนจัดหรือโดนแดดแรงจัดๆอย่างตรงๆมากเกินไป ส่วนพื้นที่มีลมแรงมาก ๆ ก็ไม่เหมาะ เนื่องจากอาจจะทำให้ลำต้นเอียงได้
"มะตูม มีชื่อวิทยาศาสตร์ว่า Aegle marmelos ภาคเหนือเรียกว่า มะปิน ภาคใต้เรียกว่า กะทันตาเถร, ตูม และตุ่มตัง ภาคอีสานเรียกว่า หมากตูม ภาษาเขมรเรียกว่า พะโนงค์ ชาวกะเหรี่ยงเรียกว่า มะปีส่า[1] เป็นไม้ผลยืนต้นพื้นเมืองของอนุทวีปอินเดียและเอเชียตะวันออกเฉียงใต้[2] มีการเพาะปลูกทั่วไปในอินเดีย รวมทั้งในศรีลังกา แหลมมลายูตอนเหนือ เกาะชวา และฟิลิปปินส์ จัดเป็นพืชเพียงสปีชีส์เดียวที่อยู่ในจีนัส Aegle",เพื่อให้ต้นไม้มีการเจริญเติบโตได้อย่างดี อยู่กับคุณไปนานๆ คุณก็ควรดูแลต้นไม้ให้ถูกวิธี โดยการเลือกดินให้เหมาะสมกับชนิดพืช ใส่กรวดลงไปในดินบ้างเพื่อให้ช่วยยึดพืช พร้อมเพิ่มช่องว่างให้อากาศและน้ำถ่ายเทได้อย่างสะดวก ไม่ขังอยู่ในกระถางจนรากเน่าตาย และควรรดน้ำกับความต้องการของต้นไม้ และนำไปตากแดดบ้าง เพื่อให้พืชได้รับแสงอาทิตย์ไว้คอยสังเคราะห์แสง แต่ถึงกระนั้นก็ไม่ควรตั้งกระถางต้นไม้ในที่ร้อนจัดหรือโดนแดดแรงจัดๆอย่างตรงๆมากเกินไป ส่วนพื้นที่มีลมแรงมาก ๆ ก็ไม่เหมาะ เนื่องจากอาจจะทำให้ลำต้นเอียงได้
กระท้อน เป็นไม้ผลเขตร้อนยืนต้นในวงศ์กระท้อน (Meliaceae) ที่มีถิ่นกำเนิดอยู่ในบริเวณเอเชียตะวันออกเฉียงใต้ ผลกระท้อนมีสีสะดุดตา เป็นต้นไม้ที่ทนแล้งได้ดี,เพื่อให้ต้นไม้มีการเจริญเติบโตได้อย่างดี อยู่กับคุณไปนานๆ คุณก็ควรดูแลต้นไม้ให้ถูกวิธี โดยการเลือกดินให้เหมาะสมกับชนิดพืช ใส่กรวดลงไปในดินบ้างเพื่อให้ช่วยยึดพืช พร้อมเพิ่มช่องว่างให้อากาศและน้ำถ่ายเทได้อย่างสะดวก ไม่ขังอยู่ในกระถางจนรากเน่าตาย และควรรดน้ำกับความต้องการของต้นไม้ และนำไปตากแดดบ้าง เพื่อให้พืชได้รับแสงอาทิตย์ไว้คอยสังเคราะห์แสง แต่ถึงกระนั้นก็ไม่ควรตั้งกระถางต้นไม้ในที่ร้อนจัดหรือโดนแดดแรงจัดๆอย่างตรงๆมากเกินไป ส่วนพื้นที่มีลมแรงมาก ๆ ก็ไม่เหมาะ เนื่องจากอาจจะทำให้ลำต้นเอียงได้
กระท้อน เป็นไม้ผลเขตร้อนยืนต้นในวงศ์กระท้อน (Meliaceae) ที่มีถิ่นกำเนิดอยู่ในบริเวณเอเชียตะวันออกเฉียงใต้ ผลกระท้อนมีสีสะดุดตา เป็นต้นไม้ที่ทนแล้งได้ดี,เพื่อให้ต้นไม้มีการเจริญเติบโตได้อย่างดี อยู่กับคุณไปนานๆ คุณก็ควรดูแลต้นไม้ให้ถูกวิธี โดยการเลือกดินให้เหมาะสมกับชนิดพืช ใส่กรวดลงไปในดินบ้างเพื่อให้ช่วยยึดพืช พร้อมเพิ่มช่องว่างให้อากาศและน้ำถ่ายเทได้อย่างสะดวก ไม่ขังอยู่ในกระถางจนรากเน่าตาย และควรรดน้ำกับความต้องการของต้นไม้ และนำไปตากแดดบ้าง เพื่อให้พืชได้รับแสงอาทิตย์ไว้คอยสังเคราะห์แสง แต่ถึงกระนั้นก็ไม่ควรตั้งกระถางต้นไม้ในที่ร้อนจัดหรือโดนแดดแรงจัดๆอย่างตรงๆมากเกินไป ส่วนพื้นที่มีลมแรงมาก ๆ ก็ไม่เหมาะ เนื่องจากอาจจะทำให้ลำต้นเอียงได้
เงาะ (ชื่อวิทยาศาสตร์: Nephelium lappaceum Linn.) เป็นไม้ผลเมืองร้อนขนาดกลางในวงศ์ Sapindaceae เป็นผลไม้พื้นเมืองของประเทศมาเลเซีย[1][2] และประเทศอื่น ๆ ในเอเชียตะวันออกเฉียงใต้[3] โดยทั่วไปเงาะเป็นไม้ผลที่เจริญเติบโตได้ดี ในบริเวณที่มีความชื้นค่อนข้างสูง เงาะในประเทศไทย จึงนิยมปลูกในบริเวณภาค ตะวันออกและภาคใต้ อาทิ พันธุ์สีทอง พันธุ์น้ำตาลกรวด พันธุ์สีชมพู พันธุ์โรงเรียน และพันธุ์เจ๊ะมง เป็นต้น แต่พันธุ์เงาะที่นิยมปลูกเป็นการค้า มีแค่ 3 พันธุ์ คือ พันธุ์โรงเรียน พันธุ์สีทอง และพันธุ์สีชมพู ส่วนพันธุ์อื่น ๆ จะมีปลูกกันบ้างประปรายและโดยมากมักใช้เพื่อบริโภคในครัวเรือน หรือใช้ประโยชน์ เพื่อการศึกษาทางวิชาการ[4] ในอดีตประเทศที่ผลิตและส่งออกรายใหญ่ได้แก่ ไทย มาเลเซีย และอินโดนีเซีย แต่ปัจจุบันพบว่าประเทศผู้ผลิตใหม่ เช่น ออสเตรเลีย และฮอนดูรัส ได้เข้ามามีส่วนแบ่งในตลาด,เพื่อให้ต้นไม้มีการเจริญเติบโตได้อย่างดี อยู่กับคุณไปนานๆ คุณก็ควรดูแลต้นไม้ให้ถูกวิธี โดยการเลือกดินให้เหมาะสมกับชนิดพืช ใส่กรวดลงไปในดินบ้างเพื่อให้ช่วยยึดพืช พร้อมเพิ่มช่องว่างให้อากาศและน้ำถ่ายเทได้อย่างสะดวก ไม่ขังอยู่ในกระถางจนรากเน่าตาย และควรรดน้ำกับความต้องการของต้นไม้ และนำไปตากแดดบ้าง เพื่อให้พืชได้รับแสงอาทิตย์ไว้คอยสังเคราะห์แสง แต่ถึงกระนั้นก็ไม่ควรตั้งกระถางต้นไม้ในที่ร้อนจัดหรือโดนแดดแรงจัดๆอย่างตรงๆมากเกินไป ส่วนพื้นที่มีลมแรงมาก ๆ ก็ไม่เหมาะ เนื่องจากอาจจะทำให้ลำต้นเอียงได้
ชมพู่มะเหมี่ยว ชื่อวิทยาศาสตร์: Syzygium malaccense เป็นไม้ยืนต้นในวงศ์ Myrtaceae ลำต้นตรง ใบเดี่ยว ออกตรงข้าม ใบหนาและเหนียว เมื่ออ่อนเป็นสีแดง ก้านใบยาว ดอกดอกเฉพาะกิ่งที่ไม่มีใบ ดอกสีแดง กลีบเลี้ยงเป็นหลอดบวมพอง เกสรตัวผู้สีแดงจำนวนมาก ผลสดมีเนื้อหลายเมล็ด ผลคล้ายลูกแพร์ มีกลีบเลี้ยงติดที่ปลายผล ผลสีแดงเข้มหรือเหลืองอมม่วงหรือขาวอมเหลือง เนื้อฉ่ำน้ำ สีขาว มีกลิ่นหอม เมล็ดกลม สีน้ำตาล สำหรับประเทศไทยมักจะออกลูกในช่วงเดือนมกราคมถึงเมษายน เท่านั้นไม่ได้ออกลูกทั้งฤดู,เพื่อให้ต้นไม้มีการเจริญเติบโตได้อย่างดี อยู่กับคุณไปนานๆ คุณก็ควรดูแลต้นไม้ให้ถูกวิธี โดยการเลือกดินให้เหมาะสมกับชนิดพืช ใส่กรวดลงไปในดินบ้างเพื่อให้ช่วยยึดพืช พร้อมเพิ่มช่องว่างให้อากาศและน้ำถ่ายเทได้อย่างสะดวก ไม่ขังอยู่ในกระถางจนรากเน่าตาย และควรรดน้ำกับความต้องการของต้นไม้ และนำไปตากแดดบ้าง เพื่อให้พืชได้รับแสงอาทิตย์ไว้คอยสังเคราะห์แสง แต่ถึงกระนั้นก็ไม่ควรตั้งกระถางต้นไม้ในที่ร้อนจัดหรือโดนแดดแรงจัดๆอย่างตรงๆมากเกินไป ส่วนพื้นที่มีลมแรงมาก ๆ ก็ไม่เหมาะ เนื่องจากอาจจะทำให้ลำต้นเอียงได้
ชำมะเลียง (อังกฤษ: Luna nut; ชื่อวิทยาศาสตร์: Lepisanthes fruticosa) หรือ พุมเรียง ภาคเหนือเรียกผักเต้า มะเถ้า ภาคตะวันออกเฉียงเหนือเรียกมะเกียง หวดข้าใหญ่ จังหวัดตราดเรียกโคมเรียง เป็นไม้ยืนต้นที่พบได้ทั่วประเทศไทยและเป็นพืชท้องถิ่นในเอเชียตะวันออกเฉียงใต้ ใบประกอบแบบขนนก ใบย่อยเรียวยาว มีสีเขียวตลอดทั้งปี ดอกออกเป็นช่อที่กิ่งและต้น ดอกสีม่วง ติดผลช่วงกุมภาพันธ์ถึงเมษายน ผลกลมออกเป็นช่อ เมื่ออ่อนสีม่วง รสฝาด พอแก่เปลี่ยนเป็นสีดำ รสหวานอ่อน ๆ,เพื่อให้ต้นไม้มีการเจริญเติบโตได้อย่างดี อยู่กับคุณไปนานๆ คุณก็ควรดูแลต้นไม้ให้ถูกวิธี โดยการเลือกดินให้เหมาะสมกับชนิดพืช ใส่กรวดลงไปในดินบ้างเพื่อให้ช่วยยึดพืช พร้อมเพิ่มช่องว่างให้อากาศและน้ำถ่ายเทได้อย่างสะดวก ไม่ขังอยู่ในกระถางจนรากเน่าตาย และควรรดน้ำกับความต้องการของต้นไม้ และนำไปตากแดดบ้าง เพื่อให้พืชได้รับแสงอาทิตย์ไว้คอยสังเคราะห์แสง แต่ถึงกระนั้นก็ไม่ควรตั้งกระถางต้นไม้ในที่ร้อนจัดหรือโดนแดดแรงจัดๆอย่างตรงๆมากเกินไป ส่วนพื้นที่มีลมแรงมาก ๆ ก็ไม่เหมาะ เนื่องจากอาจจะทำให้ลำต้นเอียงได้
ตะลิงปลิง เป็นไม้ผลในวงศ์ Oxalidaceae เป็นพืชเขตร้อน มีถิ่นกำเนิดอยู่ในแถบชายฝั่งทะเลของบราซิล ในประเทศไทยเชื่อว่านำเข้ามาจากอินโดนีเซีย เป็นไม้ยืนต้น สูงได้ถึง 15 เมตร ออกผลตามกิ่งก้านและลำต้นเป็นพวงแน่นและสวยงาม จึงเป็นที่นิยมปลูกทั่วไป นอกจากนี้ผลยังสามารถใช้บริโภค ตะลิงปลิงเป็นพืชร่วมวงศ์กับมะเฟือง มีส่วนที่แตกต่างกันอย่างชัดเจนคือ ผลมะเฟืองมีขนาดใหญ่กว่าผลตะลิงปลิง,เพื่อให้ต้นไม้มีการเจริญเติบโตได้อย่างดี อยู่กับคุณไปนานๆ คุณก็ควรดูแลต้นไม้ให้ถูกวิธี โดยการเลือกดินให้เหมาะสมกับชนิดพืช ใส่กรวดลงไปในดินบ้างเพื่อให้ช่วยยึดพืช พร้อมเพิ่มช่องว่างให้อากาศและน้ำถ่ายเทได้อย่างสะดวก ไม่ขังอยู่ในกระถางจนรากเน่าตาย และควรรดน้ำกับความต้องการของต้นไม้ และนำไปตากแดดบ้าง เพื่อให้พืชได้รับแสงอาทิตย์ไว้คอยสังเคราะห์แสง แต่ถึงกระนั้นก็ไม่ควรตั้งกระถางต้นไม้ในที่ร้อนจัดหรือโดนแดดแรงจัดๆอย่างตรงๆมากเกินไป ส่วนพื้นที่มีลมแรงมาก ๆ ก็ไม่เหมาะ เนื่องจากอาจจะทำให้ลำต้นเอียงได้
ชื่อพันธุ์ : ก้านยาวชื่อวิทยาศาสตร์   :   Durio  zibthinus  Murrayสถานภาพพันธุ์    :  พันธุ์เศรษฐกิจ และเป็นพันธุ์หนักลักษณะประจำพันธุ์   เป็นทุเรียนเรือนต้นไม่ดี ทิ้งกิ่ง ลำต้นจะสูงชะลูดทิ้งกิ่ง  เปลือกสีน้ำตาลและมีสะเก็ดบ้างเล็กน้อย  ช่วงกิ่งยาวมากและเกือบตั้งฉากกับลำต้น  แผ่นใบเป็นรูปรีจนถึงเรียวยาวมีขนาดกว้างประมาณ 6-8 เซนติเมตร  ยาวประมาณ 17-18 เซนติเมตร  ฐานใบเป็นรูปเหลี่ยมป้าน   ปลายใบแหลมและงอโค้งก้านใบยาวประมาณ  2 เซนติเมตร  ออกเป็นรูปไข่ยาวรี   ปลายแหลมและโคนดอกจะเรียวก้านดอกจะยาวมาก    จะมี 6 พูหนามมีขนาดโตเกือบเสมอกัน    พันธุ์นี้ก้านยาวกว่าพันธุ์อื่นเปลือกค่อนข้างหนา    เนื้อมีลักษณะละเอียด   นิ่ม  สีเหลือง รสชาติหวานมันกลมกล่อม เมล็ดกลม ,เพื่อให้ต้นไม้มีการเจริญเติบโตได้อย่างดี อยู่กับคุณไปนานๆ คุณก็ควรดูแลต้นไม้ให้ถูกวิธี โดยการเลือกดินให้เหมาะสมกับชนิดพืช ใส่กรวดลงไปในดินบ้างเพื่อให้ช่วยยึดพืช พร้อมเพิ่มช่องว่างให้อากาศและน้ำถ่ายเทได้อย่างสะดวก ไม่ขังอยู่ในกระถางจนรากเน่าตาย และควรรดน้ำกับความต้องการของต้นไม้ และนำไปตากแดดบ้าง เพื่อให้พืชได้รับแสงอาทิตย์ไว้คอยสังเคราะห์แสง แต่ถึงกระนั้นก็ไม่ควรตั้งกระถางต้นไม้ในที่ร้อนจัดหรือโดนแดดแรงจัดๆอย่างตรงๆมากเกินไป ส่วนพื้นที่มีลมแรงมาก ๆ ก็ไม่เหมาะ เนื่องจากอาจจะทำให้ลำต้นเอียงได้
ชื่อพันธุ์ : ชะนี ชื่อวิทยาศาสตร์  :  Durio  zibthinus  Murray สถานภาพพันธุ์  :   พันธุ์พื้นเมือง(พันธุ์เบา)  ลักษณะประจำพันธุ์ พันธุ์ชะนี เป็นพันธุ์หนึ่งในตระกูลลวง  ทรงพุ่มโปร่งค่อนข้างกว้างและไม่สูงนัก  ลำต้นมักไม่ตั้งฉากกับพื้นดิน  การแตกของกิ่งไม่ค่อยเป็นระเบียบ  บางต้นโคนเดียวอาจจะมีสองลำต้น  ใบมีลักษณะเป็นรูปไข่ค่อนข้างยาวและมีขนาดใหญ่  ส่วนกว้างประมาณ  6.5  เซนติเมตร  ยาวประมาณ  16  เซนติเมตร,เพื่อให้ต้นไม้มีการเจริญเติบโตได้อย่างดี อยู่กับคุณไปนานๆ คุณก็ควรดูแลต้นไม้ให้ถูกวิธี โดยการเลือกดินให้เหมาะสมกับชนิดพืช ใส่กรวดลงไปในดินบ้างเพื่อให้ช่วยยึดพืช พร้อมเพิ่มช่องว่างให้อากาศและน้ำถ่ายเทได้อย่างสะดวก ไม่ขังอยู่ในกระถางจนรากเน่าตาย และควรรดน้ำกับความต้องการของต้นไม้ และนำไปตากแดดบ้าง เพื่อให้พืชได้รับแสงอาทิตย์ไว้คอยสังเคราะห์แสง แต่ถึงกระนั้นก็ไม่ควรตั้งกระถางต้นไม้ในที่ร้อนจัดหรือโดนแดดแรงจัดๆอย่างตรงๆมากเกินไป ส่วนพื้นที่มีลมแรงมาก ๆ ก็ไม่เหมาะ เนื่องจากอาจจะทำให้ลำต้นเอียงได้
ฝรั่งสีชมพู หรือ ฝรั่งขี้นก ฝรั่งผลเล็กเหล่านี้ มีสารอาหารมากมายที่ให้ประโยชน์ต่อ สุขภาพ มีวิตามิน A ที่ช่วยบำรุงร่างกายในเรื่องการมองเห็น การเจริญเติบโตของกระดูก การสร้างเซลล์และควบคุมอุณหภูมิคุ้มกันของร่างกาย ยังมีวิตามิน C ที่มีมากกว่าส้มถึง 5 เท่าในปริมาณที่เท่ากันวิตามิน C มีคุณสมบัติเป็นสารต้านอนุมูลอิสระ ชะลอและป้องกันการเสื่อมของเซลล์ ที่มักเกิดจากความเครียด การดื่ม แอลกอฮอล์ ฝุ่น และควันบุหรี่ และแสงแดด,เพื่อให้ต้นไม้มีการเจริญเติบโตได้อย่างดี อยู่กับคุณไปนานๆ คุณก็ควรดูแลต้นไม้ให้ถูกวิธี โดยการเลือกดินให้เหมาะสมกับชนิดพืช ใส่กรวดลงไปในดินบ้างเพื่อให้ช่วยยึดพืช พร้อมเพิ่มช่องว่างให้อากาศและน้ำถ่ายเทได้อย่างสะดวก ไม่ขังอยู่ในกระถางจนรากเน่าตาย และควรรดน้ำกับความต้องการของต้นไม้ และนำไปตากแดดบ้าง เพื่อให้พืชได้รับแสงอาทิตย์ไว้คอยสังเคราะห์แสง แต่ถึงกระนั้นก็ไม่ควรตั้งกระถางต้นไม้ในที่ร้อนจัดหรือโดนแดดแรงจัดๆอย่างตรงๆมากเกินไป ส่วนพื้นที่มีลมแรงมาก ๆ ก็ไม่เหมาะ เนื่องจากอาจจะทำให้ลำต้นเอียงได้
มะขามป้อมไทย มะขามป้อมชนิดนี้ เกิดจากเกษตรกรชื่อ จุ้น คงมันธี ได้เก็บเอาผลผลิตเมล็ดของ มะขามป้อมพันธุ์ไทยแท้ๆ ที่ขึ้นอยู่ตามป่าบนเขาเขตพื้นที่ จ.กาญจนบุรี ซึ่งปกติแล้วผลของมะขามป้อมพันธุ์ไทยทั่วไปโตเต็มที่ขนาดประมาณปลายนิ้วหัวแม่มือผู้ใหญ่เท่านั้น เกษตรกรดังกล่าวได้คัดเอาผลที่มีขนาดใหญ่ที่สุดเกือบ 100 ผลไปเพาะเป็นต้นกล้าแล้วแยกปลูกเลี้ยงจนต้นโตมีดอกและติดผล ปรากฏว่ามีหลายจุดแตกต่างจากพันธุ์แม่คือ ต้นจะเตี้ย 1-2 เมตร ,เพื่อให้ต้นไม้มีการเจริญเติบโตได้อย่างดี อยู่กับคุณไปนานๆ คุณก็ควรดูแลต้นไม้ให้ถูกวิธี โดยการเลือกดินให้เหมาะสมกับชนิดพืช ใส่กรวดลงไปในดินบ้างเพื่อให้ช่วยยึดพืช พร้อมเพิ่มช่องว่างให้อากาศและน้ำถ่ายเทได้อย่างสะดวก ไม่ขังอยู่ในกระถางจนรากเน่าตาย และควรรดน้ำกับความต้องการของต้นไม้ และนำไปตากแดดบ้าง เพื่อให้พืชได้รับแสงอาทิตย์ไว้คอยสังเคราะห์แสง แต่ถึงกระนั้นก็ไม่ควรตั้งกระถางต้นไม้ในที่ร้อนจัดหรือโดนแดดแรงจัดๆอย่างตรงๆมากเกินไป ส่วนพื้นที่มีลมแรงมาก ๆ ก็ไม่เหมาะ เนื่องจากอาจจะทำให้ลำต้นเอียงได้
มะกอกป่า หรือ นิยมเรียกว่า มะกอก (Hog plum) ถือเป็นผลไม้ป่าที่นิยมอย่างมากสำหรับเมนูที่ต้องการรสเปรี้ยว โดยเฉพาะส้มตำ ต้มยำ ยำหรือก้อยต่างๆ เพราะให้รสเปรี้ยวพอเหมาะ อีกทั้งมีรสหวาน กระตุ้นน้ำลาย และการยากอาหารได้อย่างดี,เพื่อให้ต้นไม้มีการเจริญเติบโตได้อย่างดี อยู่กับคุณไปนานๆ คุณก็ควรดูแลต้นไม้ให้ถูกวิธี โดยการเลือกดินให้เหมาะสมกับชนิดพืช ใส่กรวดลงไปในดินบ้างเพื่อให้ช่วยยึดพืช พร้อมเพิ่มช่องว่างให้อากาศและน้ำถ่ายเทได้อย่างสะดวก ไม่ขังอยู่ในกระถางจนรากเน่าตาย และควรรดน้ำกับความต้องการของต้นไม้ และนำไปตากแดดบ้าง เพื่อให้พืชได้รับแสงอาทิตย์ไว้คอยสังเคราะห์แสง แต่ถึงกระนั้นก็ไม่ควรตั้งกระถางต้นไม้ในที่ร้อนจัดหรือโดนแดดแรงจัดๆอย่างตรงๆมากเกินไป ส่วนพื้นที่มีลมแรงมาก ๆ ก็ไม่เหมาะ เนื่องจากอาจจะทำให้ลำต้นเอียงได้
"สาเก หรือขนุนสำปะลอ (ชื่อวิทยาศาสตร์: Artocarpus altilis; อังกฤษ: breadfruit, มลยาฬัม: kada-chakkai, ฮาวาย: อุลุ, อินโดนีเซีย: สุกุน ตากาลอก: โคโล) เป็นไม้ผลพื้นเมืองของหมู่เกาะในมหาสมุทรอินเดียตะวันออก และมหาสมุทรแปซิฟิกตะวันตก ต่อมาจึงแพร่หลายไปยังหมู่เกาะอินดีสตะวันตก และปลูกแพร่หลายทั่วไปในภูมิภาคเขตร้อน",เพื่อให้ต้นไม้มีการเจริญเติบโตได้อย่างดี อยู่กับคุณไปนานๆ คุณก็ควรดูแลต้นไม้ให้ถูกวิธี โดยการเลือกดินให้เหมาะสมกับชนิดพืช ใส่กรวดลงไปในดินบ้างเพื่อให้ช่วยยึดพืช พร้อมเพิ่มช่องว่างให้อากาศและน้ำถ่ายเทได้อย่างสะดวก ไม่ขังอยู่ในกระถางจนรากเน่าตาย และควรรดน้ำกับความต้องการของต้นไม้ และนำไปตากแดดบ้าง เพื่อให้พืชได้รับแสงอาทิตย์ไว้คอยสังเคราะห์แสง แต่ถึงกระนั้นก็ไม่ควรตั้งกระถางต้นไม้ในที่ร้อนจัดหรือโดนแดดแรงจัดๆอย่างตรงๆมากเกินไป ส่วนพื้นที่มีลมแรงมาก ๆ ก็ไม่เหมาะ เนื่องจากอาจจะทำให้ลำต้นเอียงได้
"หว้า (ชื่อวิทยาศาสตร์: Syzygium cumini) เป็นไม้ประเภทไม้ยืนต้น มีถิ่นกำเนิดจากอินเดียจนถึงเอเชียตะวันออกเฉียงใต้ ในไทยพบทั่วไปตามป่าดิบชื้นและป่าผลัดใบ ตั้งแต่ระดับใกล้น้ำทะเลจนถึงระดับความสูง 1,100 เมตร เป็นพันธุ์ไม้มงคลพระราชทานประจำเพชรบุรี",เพื่อให้ต้นไม้มีการเจริญเติบโตได้อย่างดี อยู่กับคุณไปนานๆ คุณก็ควรดูแลต้นไม้ให้ถูกวิธี โดยการเลือกดินให้เหมาะสมกับชนิดพืช ใส่กรวดลงไปในดินบ้างเพื่อให้ช่วยยึดพืช พร้อมเพิ่มช่องว่างให้อากาศและน้ำถ่ายเทได้อย่างสะดวก ไม่ขังอยู่ในกระถางจนรากเน่าตาย และควรรดน้ำกับความต้องการของต้นไม้ และนำไปตากแดดบ้าง เพื่อให้พืชได้รับแสงอาทิตย์ไว้คอยสังเคราะห์แสง แต่ถึงกระนั้นก็ไม่ควรตั้งกระถางต้นไม้ในที่ร้อนจัดหรือโดนแดดแรงจัดๆอย่างตรงๆมากเกินไป ส่วนพื้นที่มีลมแรงมาก ๆ ก็ไม่เหมาะ เนื่องจากอาจจะทำให้ลำต้นเอียงได้
ปาล์มไผ่ มีชื่อวิทยาศาสตร์ว่า Chamaedorea seifrizii เป็นไม้ประดับที่จั ดอยู่ในวงศ์ PALMAE ต้นกำเนิดอยู่ทีประเทศเม็กซิโกและอเมริกาใต้ ลำต้นจะมีลักษณะคล้ายปาล์มใบไผ่ (Bamboo Palm) แต่จะมีขนาดใหญ่กว่านิดหน่อย ลำต้นมีสีเขียวขนาดเล็กเป็นข้อปล้องเห็นได้ชัด ดูคล้ายต้นไผ่ แต่จะสูงเพียง 1.5-2 เมตร ใบเป็นใบเดี่ยว เรียวแหลม สีเขียวมัน ออกตรงข้ามกันเป็นคู่ๆ แผ่ออกดูอ่อนช้อย มีความสามารถในการดูดซับสารพิษจากอากาศเหมือนกันกับปาล์มใบไผ่ แต่จะดูดได้น้อยกว่า แต่ถึงอย่างไรก็จัดเป็นไม้ประดับที่มีความสวยงาม และได้รับความนิยมนำมาปลูกประดับภายในบ้านเรือนหรืออาคารสำนักงานต่างๆไม่แพ้กัน,เพื่อให้ต้นไม้มีการเจริญเติบโตได้อย่างดี อยู่กับคุณไปนานๆ คุณก็ควรดูแลต้นไม้ให้ถูกวิธี โดยการเลือกดินให้เหมาะสมกับชนิดพืช ใส่กรวดลงไปในดินบ้างเพื่อให้ช่วยยึดพืช พร้อมเพิ่มช่องว่างให้อากาศและน้ำถ่ายเทได้อย่างสะดวก ไม่ขังอยู่ในกระถางจนรากเน่าตาย และควรรดน้ำกับความต้องการของต้นไม้ และนำไปตากแดดบ้าง เพื่อให้พืชได้รับแสงอาทิตย์ไว้คอยสังเคราะห์แสง แต่ถึงกระนั้นก็ไม่ควรตั้งกระถางต้นไม้ในที่ร้อนจัดหรือโดนแดดแรงจัดๆอย่างตรงๆมากเกินไป ส่วนพื้นที่มีลมแรงมาก ๆ ก็ไม่เหมาะ เนื่องจากอาจจะทำให้ลำต้นเอียงได้
วาสนาราชินีเป็นพรรณไม้ยืนต้นขนาดกลาง ลำต้นมีความสูงประมาณ 4-10 เมตร ลำต้นกลม ต้นตรง ไม่มีกิ่งก้าน ลำต้นเป็นข้อถี่ ผิวเปลือกลำต้นมีสีน้ำตาลใบเป็นใบเดี่ยวแตกออกจากลำต้นส่วนยอดเรียงซ้อนกันเวียนรอบลำต้นเป็นรูปวงกลมลักษณะใบเรียวยาว ปลายใบแหลม ขอบใบเรียบ ผิวใบเกลี้ยงเป็นมันสีเขียว ตัวใบโค้งงอ ขนาดใบกว้างประมาณ 3-6 เซนติเมตร ยาวประมาณ 20-40 เซนติเมตรออกดอกเป็นช่อตรงส่วนยอดของลำต้นช่อดอกมีขนาดใหญ่เป็นรูปทรงกลมช่อดอกยาวดอกมีขนาดเล็กอยู่รวมกันเป็นกลุ่มดอกมีสีขาวหรือเหลืองอ่อน กลิ่นหอมฉุน,เพื่อให้ต้นไม้มีการเจริญเติบโตได้อย่างดี อยู่กับคุณไปนานๆ คุณก็ควรดูแลต้นไม้ให้ถูกวิธี โดยการเลือกดินให้เหมาะสมกับชนิดพืช ใส่กรวดลงไปในดินบ้างเพื่อให้ช่วยยึดพืช พร้อมเพิ่มช่องว่างให้อากาศและน้ำถ่ายเทได้อย่างสะดวก ไม่ขังอยู่ในกระถางจนรากเน่าตาย และควรรดน้ำกับความต้องการของต้นไม้ และนำไปตากแดดบ้าง เพื่อให้พืชได้รับแสงอาทิตย์ไว้คอยสังเคราะห์แสง แต่ถึงกระนั้นก็ไม่ควรตั้งกระถางต้นไม้ในที่ร้อนจัดหรือโดนแดดแรงจัดๆอย่างตรงๆมากเกินไป ส่วนพื้นที่มีลมแรงมาก ๆ ก็ไม่เหมาะ เนื่องจากอาจจะทำให้ลำต้นเอียงได้
สาวน้อยประแป้ง (Dumb cane) จัดเป็นไม้ประดับต้น และใบที่นิยมปลูกในกระถางสำหรับประดับในอาคาร และนอกอาคาร เนื่องจาก แผ่นใบมีขนาดใหญ่ พื้นใบมีสีเขียว และประเป็นลายด่างด้วยสีขาวจนดูแปลกตา และสวยงาม แต่ทั้งนี้ สาวน้อยประแป้ง ถือเป็นไม้ประดับที่ทุกส่วนมีสารพิษที่อาจทำให้ถึงตายได้ หากรับประทานเข้าไป,เพื่อให้ต้นไม้มีการเจริญเติบโตได้อย่างดี อยู่กับคุณไปนานๆ คุณก็ควรดูแลต้นไม้ให้ถูกวิธี โดยการเลือกดินให้เหมาะสมกับชนิดพืช ใส่กรวดลงไปในดินบ้างเพื่อให้ช่วยยึดพืช พร้อมเพิ่มช่องว่างให้อากาศและน้ำถ่ายเทได้อย่างสะดวก ไม่ขังอยู่ในกระถางจนรากเน่าตาย และควรรดน้ำกับความต้องการของต้นไม้ และนำไปตากแดดบ้าง เพื่อให้พืชได้รับแสงอาทิตย์ไว้คอยสังเคราะห์แสง แต่ถึงกระนั้นก็ไม่ควรตั้งกระถางต้นไม้ในที่ร้อนจัดหรือโดนแดดแรงจัดๆอย่างตรงๆมากเกินไป ส่วนพื้นที่มีลมแรงมาก ๆ ก็ไม่เหมาะ เนื่องจากอาจจะทำให้ลำต้นเอียงได้
ต้นกวักมรกต มีลำต้นเป็นหัวอยู่ใต้ดิน ลำต้นแตกกอง่ายและมีขนาดใหญ่ขึ้นเรื่อยๆ มีใบที่มันเงางามและสีเขียวดูสดชื่น แท่งใบเหนือดิน ก้านใบอวบน้ำ มีใบแบบแยกเดี่ยว ใบย่อยผิวเป็นมัน ดอกออกเป็นแท่งช่อดอกคล้ายดอกเดหลี,เพื่อให้ต้นไม้มีการเจริญเติบโตได้อย่างดี อยู่กับคุณไปนานๆ คุณก็ควรดูแลต้นไม้ให้ถูกวิธี โดยการเลือกดินให้เหมาะสมกับชนิดพืช ใส่กรวดลงไปในดินบ้างเพื่อให้ช่วยยึดพืช พร้อมเพิ่มช่องว่างให้อากาศและน้ำถ่ายเทได้อย่างสะดวก ไม่ขังอยู่ในกระถางจนรากเน่าตาย และควรรดน้ำกับความต้องการของต้นไม้ และนำไปตากแดดบ้าง เพื่อให้พืชได้รับแสงอาทิตย์ไว้คอยสังเคราะห์แสง แต่ถึงกระนั้นก็ไม่ควรตั้งกระถางต้นไม้ในที่ร้อนจัดหรือโดนแดดแรงจัดๆอย่างตรงๆมากเกินไป ส่วนพื้นที่มีลมแรงมาก ๆ ก็ไม่เหมาะ เนื่องจากอาจจะทำให้ลำต้นเอียงได้
ใบเดี่ยว ขนาดเล็กยาว ดอกออกเป็นช่อ ดอกย่อยสีชมพู เกสรตัวผู้สีส้ม เป็นยาสมุนไพรใช้แก้แมลงสัตว์กัดต่อย ในทางไสยศาสตร์ เชื่อว่ามีฤทธิ์ทางเมตตามหานิยมและคงกระพันชาตรี,เพื่อให้ต้นไม้มีการเจริญเติบโตได้อย่างดี อยู่กับคุณไปนานๆ คุณก็ควรดูแลต้นไม้ให้ถูกวิธี โดยการเลือกดินให้เหมาะสมกับชนิดพืช ใส่กรวดลงไปในดินบ้างเพื่อให้ช่วยยึดพืช พร้อมเพิ่มช่องว่างให้อากาศและน้ำถ่ายเทได้อย่างสะดวก ไม่ขังอยู่ในกระถางจนรากเน่าตาย และควรรดน้ำกับความต้องการของต้นไม้ และนำไปตากแดดบ้าง เพื่อให้พืชได้รับแสงอาทิตย์ไว้คอยสังเคราะห์แสง แต่ถึงกระนั้นก็ไม่ควรตั้งกระถางต้นไม้ในที่ร้อนจัดหรือโดนแดดแรงจัดๆอย่างตรงๆมากเกินไป ส่วนพื้นที่มีลมแรงมาก ๆ ก็ไม่เหมาะ เนื่องจากอาจจะทำให้ลำต้นเอียงได้
เข็มริมแดง เป็นไม้ประดับที่มีรูปทรงแปลกตา มีใบแหลมเป็นพุ่มแตกออกจากตอหรือลำต้นที่ตั้งตรง และเป็นไม้ประดับที่เด่นด้วยสีสันของใบ ที่มีทั้งเขียว เหลือง แดงอยู่ในใบเดียวกัน แต่ขอบใบจะเป็นสีแดงซึ่งทำให้เป็นที่มาของชื่อ เป็นพืชที่มีความทนทานมาก ปลูกได้ดีแม้ในที่ที่มีแสงน้อย จึงเหมาะสำหรับนำมาปลูกเป็นไม้ประดับภายในอาคารเป็นอย่างยิ่ง,เพื่อให้ต้นไม้มีการเจริญเติบโตได้อย่างดี อยู่กับคุณไปนานๆ คุณก็ควรดูแลต้นไม้ให้ถูกวิธี โดยการเลือกดินให้เหมาะสมกับชนิดพืช ใส่กรวดลงไปในดินบ้างเพื่อให้ช่วยยึดพืช พร้อมเพิ่มช่องว่างให้อากาศและน้ำถ่ายเทได้อย่างสะดวก ไม่ขังอยู่ในกระถางจนรากเน่าตาย และควรรดน้ำกับความต้องการของต้นไม้ และนำไปตากแดดบ้าง เพื่อให้พืชได้รับแสงอาทิตย์ไว้คอยสังเคราะห์แสง แต่ถึงกระนั้นก็ไม่ควรตั้งกระถางต้นไม้ในที่ร้อนจัดหรือโดนแดดแรงจัดๆอย่างตรงๆมากเกินไป ส่วนพื้นที่มีลมแรงมาก ๆ ก็ไม่เหมาะ เนื่องจากอาจจะทำให้ลำต้นเอียงได้
หนวดปลาหมึกจัดเป็นไม้พุ่มประดับที่สูงเต็มที่ไม่เกิน 2-3 เมตร เจริญเติบโตเร็วมาก ใบมีสีเขียวเป็นมัน หนวดปลาหมึก มีหลายชนิด มีทั้งใบเล็ก ใบใหญ่ แต่จะมีลักษณะเหมือนกันคือใบจะแตกออกมาจากกิ่งเดียว โดยแต่ละกิ่งจะมีใบประมาณ 7-15 ใบ และกางออกคล้ายกับนิ้วของคน,เพื่อให้ต้นไม้มีการเจริญเติบโตได้อย่างดี อยู่กับคุณไปนานๆ คุณก็ควรดูแลต้นไม้ให้ถูกวิธี โดยการเลือกดินให้เหมาะสมกับชนิดพืช ใส่กรวดลงไปในดินบ้างเพื่อให้ช่วยยึดพืช พร้อมเพิ่มช่องว่างให้อากาศและน้ำถ่ายเทได้อย่างสะดวก ไม่ขังอยู่ในกระถางจนรากเน่าตาย และควรรดน้ำกับความต้องการของต้นไม้ และนำไปตากแดดบ้าง เพื่อให้พืชได้รับแสงอาทิตย์ไว้คอยสังเคราะห์แสง แต่ถึงกระนั้นก็ไม่ควรตั้งกระถางต้นไม้ในที่ร้อนจัดหรือโดนแดดแรงจัดๆอย่างตรงๆมากเกินไป ส่วนพื้นที่มีลมแรงมาก ๆ ก็ไม่เหมาะ เนื่องจากอาจจะทำให้ลำต้นเอียงได้
แววมยุรา เป็นพืชไม้ดอกล้มลุก สูงประมาณ 15-50 เซนติเมตร จะมีสีดอกหลายสี ทั้งสีแดง สีชมพู สีม่วงเข้ม สีม่วงอ่อน โคนกลีบจะมีสีขาว กลีบล่างอาจมีแต้มสีเหลือง จะออกเป็นช่อ กระจายตามซอกใบที่ปลายกิ่ง ปลายแยกเป็น 5 แฉก จะมีขนาดไม่เท่ากัน,เพื่อให้ต้นไม้มีการเจริญเติบโตได้อย่างดี อยู่กับคุณไปนานๆ คุณก็ควรดูแลต้นไม้ให้ถูกวิธี โดยการเลือกดินให้เหมาะสมกับชนิดพืช ใส่กรวดลงไปในดินบ้างเพื่อให้ช่วยยึดพืช พร้อมเพิ่มช่องว่างให้อากาศและน้ำถ่ายเทได้อย่างสะดวก ไม่ขังอยู่ในกระถางจนรากเน่าตาย และควรรดน้ำกับความต้องการของต้นไม้ และนำไปตากแดดบ้าง เพื่อให้พืชได้รับแสงอาทิตย์ไว้คอยสังเคราะห์แสง แต่ถึงกระนั้นก็ไม่ควรตั้งกระถางต้นไม้ในที่ร้อนจัดหรือโดนแดดแรงจัดๆอย่างตรงๆมากเกินไป ส่วนพื้นที่มีลมแรงมาก ๆ ก็ไม่เหมาะ เนื่องจากอาจจะทำให้ลำต้นเอียงได้
เดหลี เป็นไม้ประดับที่มีใบสีเขียวเข้มมันเป็นเงา ออกดอกตลอดปี ดอกลักษณะคล้ายดอกหน้าวัว มีปลีและจานรองดอก (ใบประดับ) สีขาว รูปไข่ ปลายเรียวแหลม โค้งงอเล็กน้อย กว้าง 4-5 เซนติเมตร ยาว 18-21 เซนติเมตร ด้านหลังอาจมีสีเขียวปนบ้าง ปลีดอกยาว 5-6 เซนติเมตร บางพันธุ์มีกลิ่นหอม จานรองดอกนี้จะเปลี่ยนจากสีขาว เป็นสีเขียวหลังจากดอกบานแล้ว ประมาณ 1 สัปดาห์,เพื่อให้ต้นไม้มีการเจริญเติบโตได้อย่างดี อยู่กับคุณไปนานๆ คุณก็ควรดูแลต้นไม้ให้ถูกวิธี โดยการเลือกดินให้เหมาะสมกับชนิดพืช ใส่กรวดลงไปในดินบ้างเพื่อให้ช่วยยึดพืช พร้อมเพิ่มช่องว่างให้อากาศและน้ำถ่ายเทได้อย่างสะดวก ไม่ขังอยู่ในกระถางจนรากเน่าตาย และควรรดน้ำกับความต้องการของต้นไม้ และนำไปตากแดดบ้าง เพื่อให้พืชได้รับแสงอาทิตย์ไว้คอยสังเคราะห์แสง แต่ถึงกระนั้นก็ไม่ควรตั้งกระถางต้นไม้ในที่ร้อนจัดหรือโดนแดดแรงจัดๆอย่างตรงๆมากเกินไป ส่วนพื้นที่มีลมแรงมาก ๆ ก็ไม่เหมาะ เนื่องจากอาจจะทำให้ลำต้นเอียงได้
ไผ่กวนอิมเป็นต้นไม้ชนิดหนึ่งที่ได้รับความนิยมในการนำมาใช้เสริมพลังฮวงจุ้ย ไม่ว่าจะปลูกไว้ในกระถางหรือตั้งประดับทั่วไป เพราะไผ่กวนอิมหาซื้อได้ง่ายไม่ว่าจะตามร้านขายต้นไม้ ซูเปอร์มาร์เก็ต หรือแม้แต่จะเห็นว่ามีพ่อค้า แม่ค้าหาบต้นไผ่กวนอิมมาขายโดยเฉพาะเลยก็มี แต่รู้หรือไม่ว่าเราจะปลูก ประดับ หรือใช้ไผ่กวนอิมอย่างไรให้ได้ผลหรือตรงกับศาสตร์ฮวงจุ้ยอย่างแท้จริง และนี่คือวิธีใช้ไผ่กวนอิมถูกต้องตามศาสตร์ฮวงจุ้ย,เพื่อให้ต้นไม้มีการเจริญเติบโตได้อย่างดี อยู่กับคุณไปนานๆ คุณก็ควรดูแลต้นไม้ให้ถูกวิธี โดยการเลือกดินให้เหมาะสมกับชนิดพืช ใส่กรวดลงไปในดินบ้างเพื่อให้ช่วยยึดพืช พร้อมเพิ่มช่องว่างให้อากาศและน้ำถ่ายเทได้อย่างสะดวก ไม่ขังอยู่ในกระถางจนรากเน่าตาย และควรรดน้ำกับความต้องการของต้นไม้ และนำไปตากแดดบ้าง เพื่อให้พืชได้รับแสงอาทิตย์ไว้คอยสังเคราะห์แสง แต่ถึงกระนั้นก็ไม่ควรตั้งกระถางต้นไม้ในที่ร้อนจัดหรือโดนแดดแรงจัดๆอย่างตรงๆมากเกินไป ส่วนพื้นที่มีลมแรงมาก ๆ ก็ไม่เหมาะ เนื่องจากอาจจะทำให้ลำต้นเอียงได้
ว่านเศรษฐีเรือนนอกเป็นไม้กอขนาดเล็ก มีหัวอยู่ใต้ดิน ไม่มีลำต้น ใบแตกกระจายออกเป็นพุ่มอยู่เหนือดิน ใบแกมขนานคล้ายใบตะไคร้ แต่สั้นกว่ามาก มีใบด่างขาว หรือขาวนวลที่ริมใบ ลักษณะอื่นๆ จะเหมือนเศรษฐีเรือนกลางคือ เมื่อใบยาวเต็มที่จะโค้งงอลงดิน เมื่อโตเต็มที่จะมีไหลเหนือดินแตกเป็นต้นใหม่ได้,เพื่อให้ต้นไม้มีการเจริญเติบโตได้อย่างดี อยู่กับคุณไปนานๆ คุณก็ควรดูแลต้นไม้ให้ถูกวิธี โดยการเลือกดินให้เหมาะสมกับชนิดพืช ใส่กรวดลงไปในดินบ้างเพื่อให้ช่วยยึดพืช พร้อมเพิ่มช่องว่างให้อากาศและน้ำถ่ายเทได้อย่างสะดวก ไม่ขังอยู่ในกระถางจนรากเน่าตาย และควรรดน้ำกับความต้องการของต้นไม้ และนำไปตากแดดบ้าง เพื่อให้พืชได้รับแสงอาทิตย์ไว้คอยสังเคราะห์แสง แต่ถึงกระนั้นก็ไม่ควรตั้งกระถางต้นไม้ในที่ร้อนจัดหรือโดนแดดแรงจัดๆอย่างตรงๆมากเกินไป ส่วนพื้นที่มีลมแรงมาก ๆ ก็ไม่เหมาะ เนื่องจากอาจจะทำให้ลำต้นเอียงได้
ว่านเศรษฐีเรือนใน ถูกตั้งชื่อเด่นในด้านการเสริมโชคเสริมลาภตามคำที่ว่า เศรษฐี โดยคำว่า เศรษฐี ตั้งมาจากลักษณะเด่นของแถบสีเหลืองอ่อนหรือสีครีมบนใบที่แสดงถึงความมั่งมี ศรีสุข และแถบสีนี้ยังหมายถึงคำว่า เรือน ด้วยเช่นกัน ส่วนคำว่า ใน ตั้งตามตำแหน่งของแถบสีเหลืองอ่อนหรือสีครีมที่อยู่บริเวณกลางใบหรือด้านในของใบ (ด้านใน) โดยมีแถบสีเขียวล้อมรอบอยู่ด้านนอก,เพื่อให้ต้นไม้มีการเจริญเติบโตได้อย่างดี อยู่กับคุณไปนานๆ คุณก็ควรดูแลต้นไม้ให้ถูกวิธี โดยการเลือกดินให้เหมาะสมกับชนิดพืช ใส่กรวดลงไปในดินบ้างเพื่อให้ช่วยยึดพืช พร้อมเพิ่มช่องว่างให้อากาศและน้ำถ่ายเทได้อย่างสะดวก ไม่ขังอยู่ในกระถางจนรากเน่าตาย และควรรดน้ำกับความต้องการของต้นไม้ และนำไปตากแดดบ้าง เพื่อให้พืชได้รับแสงอาทิตย์ไว้คอยสังเคราะห์แสง แต่ถึงกระนั้นก็ไม่ควรตั้งกระถางต้นไม้ในที่ร้อนจัดหรือโดนแดดแรงจัดๆอย่างตรงๆมากเกินไป ส่วนพื้นที่มีลมแรงมาก ๆ ก็ไม่เหมาะ เนื่องจากอาจจะทำให้ลำต้นเอียงได้
พลูด่าง (Epipremnum aureum) จัดเป็นไม้ดอกไม้ประดับประเภทไม้เลื้อยที่นิยมปลูกมากชนิดหนึ่ง ทั้งปลูกในแปลงจัดสวน ปลูกในกระถาง และปลูกในแจกัน เนื่องจากให้ใบดก ใบมีสีสันสวยงาม เติบโตได้ดีในทุกสภาพ และดูแลง่าย,เพื่อให้ต้นไม้มีการเจริญเติบโตได้อย่างดี อยู่กับคุณไปนานๆ คุณก็ควรดูแลต้นไม้ให้ถูกวิธี โดยการเลือกดินให้เหมาะสมกับชนิดพืช ใส่กรวดลงไปในดินบ้างเพื่อให้ช่วยยึดพืช พร้อมเพิ่มช่องว่างให้อากาศและน้ำถ่ายเทได้อย่างสะดวก ไม่ขังอยู่ในกระถางจนรากเน่าตาย และควรรดน้ำกับความต้องการของต้นไม้ และนำไปตากแดดบ้าง เพื่อให้พืชได้รับแสงอาทิตย์ไว้คอยสังเคราะห์แสง แต่ถึงกระนั้นก็ไม่ควรตั้งกระถางต้นไม้ในที่ร้อนจัดหรือโดนแดดแรงจัดๆอย่างตรงๆมากเกินไป ส่วนพื้นที่มีลมแรงมาก ๆ ก็ไม่เหมาะ เนื่องจากอาจจะทำให้ลำต้นเอียงได้
เขียวหมื่นปีเป็นไม้ประดับที่นิยมนำมาปลูกเป็นไม้กระถางภายในบ้านเรือน หรือเป็นไม้ประดับภายในอาคารสำนักงาน ด้วยจุดเด่นที่เป็นพืชที่ปลูกเลี้ยงง่าย ไม่ต้องการการดูแลเอาใจใส่มาก ทนทาน แม้ในที่ที่มีสภาพแห้งแล้งและความชื้นต่ำ รวมทั้งสามารถเจริญงอกงามได้ในที่ที่มีแสงสว่างเพียงเล็กน้อย,เพื่อให้ต้นไม้มีการเจริญเติบโตได้อย่างดี อยู่กับคุณไปนานๆ คุณก็ควรดูแลต้นไม้ให้ถูกวิธี โดยการเลือกดินให้เหมาะสมกับชนิดพืช ใส่กรวดลงไปในดินบ้างเพื่อให้ช่วยยึดพืช พร้อมเพิ่มช่องว่างให้อากาศและน้ำถ่ายเทได้อย่างสะดวก ไม่ขังอยู่ในกระถางจนรากเน่าตาย และควรรดน้ำกับความต้องการของต้นไม้ และนำไปตากแดดบ้าง เพื่อให้พืชได้รับแสงอาทิตย์ไว้คอยสังเคราะห์แสง แต่ถึงกระนั้นก็ไม่ควรตั้งกระถางต้นไม้ในที่ร้อนจัดหรือโดนแดดแรงจัดๆอย่างตรงๆมากเกินไป ส่วนพื้นที่มีลมแรงมาก ๆ ก็ไม่เหมาะ เนื่องจากอาจจะทำให้ลำต้นเอียงได้
เยอบีร่า อยู่ในวงศ์ Compositae เป็นชื่อที่เรียกทับศัพท์ชื่อสามัญของภาษาอังกฤษซึ่งชาวสวนรู้จักกันในชื่อ “ เยีย ” ชนิดที่มีการปลูกมาก ได้แก่ Gerbera jamesonii Daisyเป็นชื่อที่ได้มาจากแคว้นทรานสเวลในอัฟริกาใต้ ซึ่งเป็นลูกผสมระหว่าง Gerbera jamesonii และ G. viridifloriaต้นเยอบีร่าที่ปลูกเป็นไม้ประดับตามอาคารสถานที่ต่างๆ ได้รับการพิสูจน์แล้วว่ามีความสามารถสูงในการดูดสารพิษจากอากาศภายในอาคาร มีอัตราการคายน้ำสูงประกอบกับมีความสวยงาม,เพื่อให้ต้นไม้มีการเจริญเติบโตได้อย่างดี อยู่กับคุณไปนานๆ คุณก็ควรดูแลต้นไม้ให้ถูกวิธี โดยการเลือกดินให้เหมาะสมกับชนิดพืช ใส่กรวดลงไปในดินบ้างเพื่อให้ช่วยยึดพืช พร้อมเพิ่มช่องว่างให้อากาศและน้ำถ่ายเทได้อย่างสะดวก ไม่ขังอยู่ในกระถางจนรากเน่าตาย และควรรดน้ำกับความต้องการของต้นไม้ และนำไปตากแดดบ้าง เพื่อให้พืชได้รับแสงอาทิตย์ไว้คอยสังเคราะห์แสง แต่ถึงกระนั้นก็ไม่ควรตั้งกระถางต้นไม้ในที่ร้อนจัดหรือโดนแดดแรงจัดๆอย่างตรงๆมากเกินไป ส่วนพื้นที่มีลมแรงมาก ๆ ก็ไม่เหมาะ เนื่องจากอาจจะทำให้ลำต้นเอียงได้
ชื่อภาษาอังกฤษคือ Rubber Plant หรือ India Rubber Fig พอมาเป็นภาษาไทยจึงถูกเรียกว่า ‘ยางอินเดีย’ แต่บางพื้นที่ก็เรียกทับศัพท์ว่า ‘ต้นยางลบ’ เป็นไม้ยืนต้นที่มีถิ่นกำเนิดที่อินเดียและมาเลเซีย อยู่ในวงศ์ Monraceae ที่อยู่ในเขตร้อนและกึ่งเขตร้อนอย่างเช่นมะเดื่อ บันยัน สาเก และหม่อน,เพื่อให้ต้นไม้มีการเจริญเติบโตได้อย่างดี อยู่กับคุณไปนานๆ คุณก็ควรดูแลต้นไม้ให้ถูกวิธี โดยการเลือกดินให้เหมาะสมกับชนิดพืช ใส่กรวดลงไปในดินบ้างเพื่อให้ช่วยยึดพืช พร้อมเพิ่มช่องว่างให้อากาศและน้ำถ่ายเทได้อย่างสะดวก ไม่ขังอยู่ในกระถางจนรากเน่าตาย และควรรดน้ำกับความต้องการของต้นไม้ และนำไปตากแดดบ้าง เพื่อให้พืชได้รับแสงอาทิตย์ไว้คอยสังเคราะห์แสง แต่ถึงกระนั้นก็ไม่ควรตั้งกระถางต้นไม้ในที่ร้อนจัดหรือโดนแดดแรงจัดๆอย่างตรงๆมากเกินไป ส่วนพื้นที่มีลมแรงมาก ๆ ก็ไม่เหมาะ เนื่องจากอาจจะทำให้ลำต้นเอียงได้
ไม้พุ่ม สูง 1 เมตร ผิวลำต้นหยาบ ขรุขระ สีเทาอ่อน ใบเดี่ยวแบบตรงข้าม ใบรูปรี กว้างประมาณ 1.5-2.5 เซนติเมตร ยาวประมาณ 5 เซนติเมตร ใบสีเขียวอ่อนอมเหลืองถึงสีเหลืองทอง ปลายใบแหลม โคนใบสอบเรียว ขอบใบเรียบ ดอกช่อแบบช่อวงแถวเดี่ยว กลิ่นหอม ออที่ปลายยอด กลีบเลี้ยง 6 กลีบ สีเขียวกลีบดอก 5  กลีบ สีม่วงอ่อน เกสรเพศผู้ 5 เกสร เกสรเพศเมีย 1 อัน ผลเดี่ยว ผลสด เมล็ดเดี่ยวแข็ง ผลอ่อน,เพื่อให้ต้นไม้มีการเจริญเติบโตได้อย่างดี อยู่กับคุณไปนานๆ คุณก็ควรดูแลต้นไม้ให้ถูกวิธี โดยการเลือกดินให้เหมาะสมกับชนิดพืช ใส่กรวดลงไปในดินบ้างเพื่อให้ช่วยยึดพืช พร้อมเพิ่มช่องว่างให้อากาศและน้ำถ่ายเทได้อย่างสะดวก ไม่ขังอยู่ในกระถางจนรากเน่าตาย และควรรดน้ำกับความต้องการของต้นไม้ และนำไปตากแดดบ้าง เพื่อให้พืชได้รับแสงอาทิตย์ไว้คอยสังเคราะห์แสง แต่ถึงกระนั้นก็ไม่ควรตั้งกระถางต้นไม้ในที่ร้อนจัดหรือโดนแดดแรงจัดๆอย่างตรงๆมากเกินไป ส่วนพื้นที่มีลมแรงมาก ๆ ก็ไม่เหมาะ เนื่องจากอาจจะทำให้ลำต้นเอียงได้
"""ต้นแก้วแคระอินโด"" หรือ ""แก้วแคระมหามงคล""  มีลักษณะใบกลมรี เล็ก ละเอียด เงามัน เป็นไม้พุ่มแน่น มีลักษณะพุ่มกลม หรือใกล้เคียงทรงกลม เป็นไม้แคระ โตช้า เหมาะสำหรับทำบอนไซ จะนำไปดัดเข้าลวด หรือ จะตัดแต่งเป็นพุ่มกลม รูปทรงต่าง ๆ หรือไม่ก็ได้ ตามความชอบส่วนบุคคล แต่หากต้องการเพาะเลี้ยงไว้ เพื่อชมความงามของดอกแก้วสายพันธุ์นี้ เป็นที่รู้กันว่าออกดอกยากมาก ๆ และอาจจะไม่มีโอกาสได้เห็นบ่อยนัก เพราะเนื่องจากความแคระของต้น ทำให้ติดดอกตูมยังไม่ทันบาน ดอกก็ร่วงโรยหมด",เพื่อให้ต้นไม้มีการเจริญเติบโตได้อย่างดี อยู่กับคุณไปนานๆ คุณก็ควรดูแลต้นไม้ให้ถูกวิธี โดยการเลือกดินให้เหมาะสมกับชนิดพืช ใส่กรวดลงไปในดินบ้างเพื่อให้ช่วยยึดพืช พร้อมเพิ่มช่องว่างให้อากาศและน้ำถ่ายเทได้อย่างสะดวก ไม่ขังอยู่ในกระถางจนรากเน่าตาย และควรรดน้ำกับความต้องการของต้นไม้ และนำไปตากแดดบ้าง เพื่อให้พืชได้รับแสงอาทิตย์ไว้คอยสังเคราะห์แสง แต่ถึงกระนั้นก็ไม่ควรตั้งกระถางต้นไม้ในที่ร้อนจัดหรือโดนแดดแรงจัดๆอย่างตรงๆมากเกินไป ส่วนพื้นที่มีลมแรงมาก ๆ ก็ไม่เหมาะ เนื่องจากอาจจะทำให้ลำต้นเอียงได้
"แสงจันทร์ เป็นต้นไม้มงคลที่มีใบสวยโดดเด่น จะสะท้อนแสงสีนวลเมื่อโดนแสงจันทร์ โดยทั่วไปมีชื่อสามัญเรียกกันหลากหลาย ทั้ง Lettuce tree, moonlight tree, Cabbage Tree, Lady-love และ Pisonia ดังนั้นหากเกิดความสับสน ก็สามารถเข้าใจตรงกันได้ด้วยชื่อวิทยาศาสตร์ที่ว่า Pisonia grandis R. Br. โดยต้นแสงจันทร์มีถิ่นกำเนิดอยู่ที่อเมริกาเขตร้อน จากนั้นก็แพร่พันธุ์มาที่ศรีลังกาและฟิลิปปินส์ในตอนหลัง จนสุดท้ายก็กระจายไปทั่วเอเชียตะวันออกเฉียงใต้ รวมถึงในประเทศไทยด้วยนั่นเอง",เพื่อให้ต้นไม้มีการเจริญเติบโตได้อย่างดี อยู่กับคุณไปนานๆ คุณก็ควรดูแลต้นไม้ให้ถูกวิธี โดยการเลือกดินให้เหมาะสมกับชนิดพืช ใส่กรวดลงไปในดินบ้างเพื่อให้ช่วยยึดพืช พร้อมเพิ่มช่องว่างให้อากาศและน้ำถ่ายเทได้อย่างสะดวก ไม่ขังอยู่ในกระถางจนรากเน่าตาย และควรรดน้ำกับความต้องการของต้นไม้ และนำไปตากแดดบ้าง เพื่อให้พืชได้รับแสงอาทิตย์ไว้คอยสังเคราะห์แสง แต่ถึงกระนั้นก็ไม่ควรตั้งกระถางต้นไม้ในที่ร้อนจัดหรือโดนแดดแรงจัดๆอย่างตรงๆมากเกินไป ส่วนพื้นที่มีลมแรงมาก ๆ ก็ไม่เหมาะ เนื่องจากอาจจะทำให้ลำต้นเอียงได้
ไผ่เงิน มีชื่อวิทยาศาสตร์ว่า Thyrsostachys siamensis Gamble เป็นพืชจำพวกไผ่ มีขนาดเล็กลำต้นสีเขียว มองเห็นข้อปล้องชัดเจน ใบ มีลักษณะเป็นใบเดี่ยว ปลายแหลม ขอบค่อนข้างเรียบ ผิวใบค่อนข้างสาก มีสีเขียวสลับกับแถบสีขาว ดอก มีลักษณะเป็นช่อเรียงตัวแน่น ไผ่เงิน มีถิ่นกำเนิดในประเทศไทยจึงไม่พบในต่างประเทศ การเลี้ยงดูควรให้น้ำทุกวันและนำออกแดดจัดสัปดาห์ละ 1-2 ครั้ง,เพื่อให้ต้นไม้มีการเจริญเติบโตได้อย่างดี อยู่กับคุณไปนานๆ คุณก็ควรดูแลต้นไม้ให้ถูกวิธี โดยการเลือกดินให้เหมาะสมกับชนิดพืช ใส่กรวดลงไปในดินบ้างเพื่อให้ช่วยยึดพืช พร้อมเพิ่มช่องว่างให้อากาศและน้ำถ่ายเทได้อย่างสะดวก ไม่ขังอยู่ในกระถางจนรากเน่าตาย และควรรดน้ำกับความต้องการของต้นไม้ และนำไปตากแดดบ้าง เพื่อให้พืชได้รับแสงอาทิตย์ไว้คอยสังเคราะห์แสง แต่ถึงกระนั้นก็ไม่ควรตั้งกระถางต้นไม้ในที่ร้อนจัดหรือโดนแดดแรงจัดๆอย่างตรงๆมากเกินไป ส่วนพื้นที่มีลมแรงมาก ๆ ก็ไม่เหมาะ เนื่องจากอาจจะทำให้ลำต้นเอียงได้
เป็นพรรณไม้ยืนต้นขนาดเล็ก ลักษณะเป็นพุ่มเตี้ย ลำต้นสูง1-3 เมตร ผิวลำต้นมีสีขาวเทา แตกกิ่งก้านออกใบรอบต้นใบเป็นใบเดี่ยว แตกออกเป็นคู่ตรงกันข้าม ตามข้อของกิ่ง ลักษณะของใบเป็นรูปมนรี ปลายใบแหลม ผิวใบเรียบสีเขียวยาว 8-12 ซม. ดอกเป็นดอกเดี่ยว ออกตามปลายยอดหรือปลายกิ่ง ช่อหนึ่งมี 5-6 ดอก แล้วแต่ชนิดพันธุ์ ดอกมีกลิ่นหอมสีขาวหรือเรียงเป็นชั้นเดียวแล้วแต่ชนิดพันธุ์ ดอกบานมีความโต 2-5 ซม. ออกผลเป็นฝักรูปกระบอกแหลมโค้ง ภายในมีเมล็ด 3-5 เมล็ด,เพื่อให้ต้นไม้มีการเจริญเติบโตได้อย่างดี อยู่กับคุณไปนานๆ คุณก็ควรดูแลต้นไม้ให้ถูกวิธี โดยการเลือกดินให้เหมาะสมกับชนิดพืช ใส่กรวดลงไปในดินบ้างเพื่อให้ช่วยยึดพืช พร้อมเพิ่มช่องว่างให้อากาศและน้ำถ่ายเทได้อย่างสะดวก ไม่ขังอยู่ในกระถางจนรากเน่าตาย และควรรดน้ำกับความต้องการของต้นไม้ และนำไปตากแดดบ้าง เพื่อให้พืชได้รับแสงอาทิตย์ไว้คอยสังเคราะห์แสง แต่ถึงกระนั้นก็ไม่ควรตั้งกระถางต้นไม้ในที่ร้อนจัดหรือโดนแดดแรงจัดๆอย่างตรงๆมากเกินไป ส่วนพื้นที่มีลมแรงมาก ๆ ก็ไม่เหมาะ เนื่องจากอาจจะทำให้ลำต้นเอียงได้
พุดศุภโชค หรือบางท่านเรียก “พุดศรีลังกา” เป็นไม้พุ่มเตี้ย สูงไม่เกิน 1.5-2 ฟุต แตกกิ่งก้านต่ำ หนาแน่น ใบเป็นใบเดี่ยว ออกเวียนสลับถี่บริเวณปลายกิ่ง ใบเป็นรูปใบหอก ปลายแหลม โคนสอบ หรือป้าน ใบมีขนาดเล็กกว่าใบพุดทั่วไป เป็นสีเขียวสด เวลาใบดกจะเป็นพุ่มหนาแน่น สามารถตัดแต่งให้อยู่ในรูปทรงที่ต้องการได้สวยงามมาก,เพื่อให้ต้นไม้มีการเจริญเติบโตได้อย่างดี อยู่กับคุณไปนานๆ คุณก็ควรดูแลต้นไม้ให้ถูกวิธี โดยการเลือกดินให้เหมาะสมกับชนิดพืช ใส่กรวดลงไปในดินบ้างเพื่อให้ช่วยยึดพืช พร้อมเพิ่มช่องว่างให้อากาศและน้ำถ่ายเทได้อย่างสะดวก ไม่ขังอยู่ในกระถางจนรากเน่าตาย และควรรดน้ำกับความต้องการของต้นไม้ และนำไปตากแดดบ้าง เพื่อให้พืชได้รับแสงอาทิตย์ไว้คอยสังเคราะห์แสง แต่ถึงกระนั้นก็ไม่ควรตั้งกระถางต้นไม้ในที่ร้อนจัดหรือโดนแดดแรงจัดๆอย่างตรงๆมากเกินไป ส่วนพื้นที่มีลมแรงมาก ๆ ก็ไม่เหมาะ เนื่องจากอาจจะทำให้ลำต้นเอียงได้
ไม้ล้มลุก พืชบก กลางแจ้ง สูง 35 เซนติเมตร รูปโคนสามเหลี่ยม ลำต้น เหนือดิน ตั้งตรงได้เอง ผิวเป็นชั้นเรียบ เห็นข้อปล้องชัดเจน ไม่มียาง ใบเดี่ยว ใบอ่อน สีเขียวอ่อนปนเหลือง ใบแก่สีเขียวเข้มปนเหลืองอ่อน กว้าง 3 เซนติเมตร ยาว 35 เซนติเมตร ผิวเรียบเป็นมัน เรียงสลับบนลำต้น รูปคล้ายเคียว ปลายใบแหลมคล้ายหอก โคนใบรูปเหลี่ยม ขอบใบเรียบ ออกดอกเป็นดอกเดี่ยว สีขาว ออกดอกปลายยอด กลีบดอกสีขาว เกสรตัวผู้ 5 อัน สีขาว เกสรตัวเมีย 1 อัน สีชมพู รังไข่ใต้วงกลีบ กลิ่นฉุน กลีบดอกติดกัน,เพื่อให้ต้นไม้มีการเจริญเติบโตได้อย่างดี อยู่กับคุณไปนานๆ คุณก็ควรดูแลต้นไม้ให้ถูกวิธี โดยการเลือกดินให้เหมาะสมกับชนิดพืช ใส่กรวดลงไปในดินบ้างเพื่อให้ช่วยยึดพืช พร้อมเพิ่มช่องว่างให้อากาศและน้ำถ่ายเทได้อย่างสะดวก ไม่ขังอยู่ในกระถางจนรากเน่าตาย และควรรดน้ำกับความต้องการของต้นไม้ และนำไปตากแดดบ้าง เพื่อให้พืชได้รับแสงอาทิตย์ไว้คอยสังเคราะห์แสง แต่ถึงกระนั้นก็ไม่ควรตั้งกระถางต้นไม้ในที่ร้อนจัดหรือโดนแดดแรงจัดๆอย่างตรงๆมากเกินไป ส่วนพื้นที่มีลมแรงมาก ๆ ก็ไม่เหมาะ เนื่องจากอาจจะทำให้ลำต้นเอียงได้
เป็นพันธุ์ไม้ล้มลุกที่มีลำต้นใต้ดิน หัวมีสีเหลืองออกน้ำตาล มีรากใหญ่และแข็งแรง ใบมีลักษณะเป็นใบรีรูปขอบขนาน ปลายใบแหลม โคนใบมนหรือตัดห่อตัวเข้าหาก้านใบ ขอบใบเรียบเป็นคลื่นเล็กน้อย พื้นใบสีเขียวเข้มเป็นมัน มีลายเส้นริ้วคล้ายก้างปลาพาดทั้งสองข้างของแผ่นใบ เมื่อใบอ่อน เส้นพาดจะมีสีชมพู เมื่อแก่จะจางลงเป็นสีขาว จึงได้ชื่อว่าว่านสามกษัตริย์ ท้องใบมีสีม่วงแดง ลักษณะใบกว้าง แข็งและก้านใบยาว ดอกสีขาว ออกเป็นช่อแบบช่อเชิงลดที่ปลายกิ่ง มีกาบรองดอกตั้งแต่สองใบขึ้นไปดอกย่อยมี กลีบเลี้ยงไม่เชื่อมติดกันชั้นของกลีบดอกเป็นท่อ แบ่งเป็นกลีบ 2-3 กลีบ โดยมีหนึ่งกลีบที่โค้งงอลง,เพื่อให้ต้นไม้มีการเจริญเติบโตได้อย่างดี อยู่กับคุณไปนานๆ คุณก็ควรดูแลต้นไม้ให้ถูกวิธี โดยการเลือกดินให้เหมาะสมกับชนิดพืช ใส่กรวดลงไปในดินบ้างเพื่อให้ช่วยยึดพืช พร้อมเพิ่มช่องว่างให้อากาศและน้ำถ่ายเทได้อย่างสะดวก ไม่ขังอยู่ในกระถางจนรากเน่าตาย และควรรดน้ำกับความต้องการของต้นไม้ และนำไปตากแดดบ้าง เพื่อให้พืชได้รับแสงอาทิตย์ไว้คอยสังเคราะห์แสง แต่ถึงกระนั้นก็ไม่ควรตั้งกระถางต้นไม้ในที่ร้อนจัดหรือโดนแดดแรงจัดๆอย่างตรงๆมากเกินไป ส่วนพื้นที่มีลมแรงมาก ๆ ก็ไม่เหมาะ เนื่องจากอาจจะทำให้ลำต้นเอียงได้
ประเภท: ไม้พุ่มล้มลุก อายุหลาย ความสูง: สูงได้ถึง 2 เมตร ลำต้น: แตกกอ มีรากขนาดใหญ่ออกตามข้อใบ: ใบเดี่ยว เรียงเวียนรอบเป็นเกลียว ใบรูปแถบ กว้าง 4 – 6 เซนติเมตร ยาว 0.60 – 1.50 เมตร ปลายใบเรียวแหลม ขอบใบเรียบ ไม่มีหนามแหลม แผ่นใบหนาสีเขียว มีแถบด่างสีเหลืองอ่อนที่กึ่งกลา,เพื่อให้ต้นไม้มีการเจริญเติบโตได้อย่างดี อยู่กับคุณไปนานๆ คุณก็ควรดูแลต้นไม้ให้ถูกวิธี โดยการเลือกดินให้เหมาะสมกับชนิดพืช ใส่กรวดลงไปในดินบ้างเพื่อให้ช่วยยึดพืช พร้อมเพิ่มช่องว่างให้อากาศและน้ำถ่ายเทได้อย่างสะดวก ไม่ขังอยู่ในกระถางจนรากเน่าตาย และควรรดน้ำกับความต้องการของต้นไม้ และนำไปตากแดดบ้าง เพื่อให้พืชได้รับแสงอาทิตย์ไว้คอยสังเคราะห์แสง แต่ถึงกระนั้นก็ไม่ควรตั้งกระถางต้นไม้ในที่ร้อนจัดหรือโดนแดดแรงจัดๆอย่างตรงๆมากเกินไป ส่วนพื้นที่มีลมแรงมาก ๆ ก็ไม่เหมาะ เนื่องจากอาจจะทำให้ลำต้นเอียงได้
ต้น เฟินดินหรือเฟินอิงอาศัย ลำต้นเป็นเหง้ายาว ปกคลุมด้วยเกล็ด เกล็ด ขนาดเล็ก ปลายเรียวยาวเป็นหาง ขอบมีขน  สีน้ำตาลดำ ใบ ใบประกอบแบบขนนกชั้นเดียว ก้านใบยาวได้ถึง 40 เซนติเมตร สีน้ำตาล ผิวใบเป็นมัน ขอบใบหยักลึก 2-4 คู่ เส้น ใบย่อยเห็นไม่ชัดเจนสานเป็นช่องร่างแห มีเส้นใบในช่องร่างแห เนื้อใบหนาเหนียว,เพื่อให้ต้นไม้มีการเจริญเติบโตได้อย่างดี อยู่กับคุณไปนานๆ คุณก็ควรดูแลต้นไม้ให้ถูกวิธี โดยการเลือกดินให้เหมาะสมกับชนิดพืช ใส่กรวดลงไปในดินบ้างเพื่อให้ช่วยยึดพืช พร้อมเพิ่มช่องว่างให้อากาศและน้ำถ่ายเทได้อย่างสะดวก ไม่ขังอยู่ในกระถางจนรากเน่าตาย และควรรดน้ำกับความต้องการของต้นไม้ และนำไปตากแดดบ้าง เพื่อให้พืชได้รับแสงอาทิตย์ไว้คอยสังเคราะห์แสง แต่ถึงกระนั้นก็ไม่ควรตั้งกระถางต้นไม้ในที่ร้อนจัดหรือโดนแดดแรงจัดๆอย่างตรงๆมากเกินไป ส่วนพื้นที่มีลมแรงมาก ๆ ก็ไม่เหมาะ เนื่องจากอาจจะทำให้ลำต้นเอียงได้
"โกสน เป็นไม้ประดับที่ปลูกเพื่ออวดความสวยงามของใบ โดยทั่วไปมีถิ่นกำเนิดในแถบภูมิภาคเอเชีย รัฐควีนส์แลนด์ตอนใต้ และหมู่เกาะแปซิฟิก แต่ละสายพันธุ์จะมีสีสันของใบและลักษณะใบแตกต่างกันไป ทำให้มีเสน่ห์เป็นเอกลักษณ์เฉพาะตัว นิยมปลูกประดับกันอย่างแพร่หลาย และ ""โกสนยูโด"" เป็นพันธุ์ใหม่ล่าสุดเพิ่งพบมีต้นขายเมื่อไม่นานมานี้",เพื่อให้ต้นไม้มีการเจริญเติบโตได้อย่างดี อยู่กับคุณไปนานๆ คุณก็ควรดูแลต้นไม้ให้ถูกวิธี โดยการเลือกดินให้เหมาะสมกับชนิดพืช ใส่กรวดลงไปในดินบ้างเพื่อให้ช่วยยึดพืช พร้อมเพิ่มช่องว่างให้อากาศและน้ำถ่ายเทได้อย่างสะดวก ไม่ขังอยู่ในกระถางจนรากเน่าตาย และควรรดน้ำกับความต้องการของต้นไม้ และนำไปตากแดดบ้าง เพื่อให้พืชได้รับแสงอาทิตย์ไว้คอยสังเคราะห์แสง แต่ถึงกระนั้นก็ไม่ควรตั้งกระถางต้นไม้ในที่ร้อนจัดหรือโดนแดดแรงจัดๆอย่างตรงๆมากเกินไป ส่วนพื้นที่มีลมแรงมาก ๆ ก็ไม่เหมาะ เนื่องจากอาจจะทำให้ลำต้นเอียงได้
"โกสน เป็นไม้ประดับที่ปลูกเพื่ออวดความสวยงามของใบ โดยทั่วไปมีถิ่นกำเนิดในแถบภูมิภาคเอเชีย รัฐควีนส์แลนด์ตอนใต้ และหมู่เกาะแปซิฟิก แต่ละสายพันธุ์จะมีสีสันของใบและลักษณะใบแตกต่างกันไป ทำให้มีเสน่ห์เป็นเอกลักษณ์เฉพาะตัว นิยมปลูกประดับกันอย่างแพร่หลาย และ ""โกสนยูโด"" เป็นพันธุ์ใหม่ล่าสุดเพิ่งพบมีต้นขายเมื่อไม่นานมานี้",เพื่อให้ต้นไม้มีการเจริญเติบโตได้อย่างดี อยู่กับคุณไปนานๆ คุณก็ควรดูแลต้นไม้ให้ถูกวิธี โดยการเลือกดินให้เหมาะสมกับชนิดพืช ใส่กรวดลงไปในดินบ้างเพื่อให้ช่วยยึดพืช พร้อมเพิ่มช่องว่างให้อากาศและน้ำถ่ายเทได้อย่างสะดวก ไม่ขังอยู่ในกระถางจนรากเน่าตาย และควรรดน้ำกับความต้องการของต้นไม้ และนำไปตากแดดบ้าง เพื่อให้พืชได้รับแสงอาทิตย์ไว้คอยสังเคราะห์แสง แต่ถึงกระนั้นก็ไม่ควรตั้งกระถางต้นไม้ในที่ร้อนจัดหรือโดนแดดแรงจัดๆอย่างตรงๆมากเกินไป ส่วนพื้นที่มีลมแรงมาก ๆ ก็ไม่เหมาะ เนื่องจากอาจจะทำให้ลำต้นเอียงได้
"โกสน เป็นไม้ประดับที่ปลูกเพื่ออวดความสวยงามของใบ โดยทั่วไปมีถิ่นกำเนิดในแถบภูมิภาคเอเชีย รัฐควีนส์แลนด์ตอนใต้ และหมู่เกาะแปซิฟิก แต่ละสายพันธุ์จะมีสีสันของใบและลักษณะใบแตกต่างกันไป ทำให้มีเสน่ห์เป็นเอกลักษณ์เฉพาะตัว นิยมปลูกประดับกันอย่างแพร่หลาย และ ""โกสนยูโด"" เป็นพันธุ์ใหม่ล่าสุดเพิ่งพบมีต้นขายเมื่อไม่นานมานี้",เพื่อให้ต้นไม้มีการเจริญเติบโตได้อย่างดี อยู่กับคุณไปนานๆ คุณก็ควรดูแลต้นไม้ให้ถูกวิธี โดยการเลือกดินให้เหมาะสมกับชนิดพืช ใส่กรวดลงไปในดินบ้างเพื่อให้ช่วยยึดพืช พร้อมเพิ่มช่องว่างให้อากาศและน้ำถ่ายเทได้อย่างสะดวก ไม่ขังอยู่ในกระถางจนรากเน่าตาย และควรรดน้ำกับความต้องการของต้นไม้ และนำไปตากแดดบ้าง เพื่อให้พืชได้รับแสงอาทิตย์ไว้คอยสังเคราะห์แสง แต่ถึงกระนั้นก็ไม่ควรตั้งกระถางต้นไม้ในที่ร้อนจัดหรือโดนแดดแรงจัดๆอย่างตรงๆมากเกินไป ส่วนพื้นที่มีลมแรงมาก ๆ ก็ไม่เหมาะ เนื่องจากอาจจะทำให้ลำต้นเอียงได้
"โกสน เป็นไม้ประดับที่ปลูกเพื่ออวดความสวยงามของใบ โดยทั่วไปมีถิ่นกำเนิดในแถบภูมิภาคเอเชีย รัฐควีนส์แลนด์ตอนใต้ และหมู่เกาะแปซิฟิก แต่ละสายพันธุ์จะมีสีสันของใบและลักษณะใบแตกต่างกันไป ทำให้มีเสน่ห์เป็นเอกลักษณ์เฉพาะตัว นิยมปลูกประดับกันอย่างแพร่หลาย และ ""โกสนยูโด"" เป็นพันธุ์ใหม่ล่าสุดเพิ่งพบมีต้นขายเมื่อไม่นานมานี้",เพื่อให้ต้นไม้มีการเจริญเติบโตได้อย่างดี อยู่กับคุณไปนานๆ คุณก็ควรดูแลต้นไม้ให้ถูกวิธี โดยการเลือกดินให้เหมาะสมกับชนิดพืช ใส่กรวดลงไปในดินบ้างเพื่อให้ช่วยยึดพืช พร้อมเพิ่มช่องว่างให้อากาศและน้ำถ่ายเทได้อย่างสะดวก ไม่ขังอยู่ในกระถางจนรากเน่าตาย และควรรดน้ำกับความต้องการของต้นไม้ และนำไปตากแดดบ้าง เพื่อให้พืชได้รับแสงอาทิตย์ไว้คอยสังเคราะห์แสง แต่ถึงกระนั้นก็ไม่ควรตั้งกระถางต้นไม้ในที่ร้อนจัดหรือโดนแดดแรงจัดๆอย่างตรงๆมากเกินไป ส่วนพื้นที่มีลมแรงมาก ๆ ก็ไม่เหมาะ เนื่องจากอาจจะทำให้ลำต้นเอียงได้
"โกสน เป็นไม้ประดับที่ปลูกเพื่ออวดความสวยงามของใบ โดยทั่วไปมีถิ่นกำเนิดในแถบภูมิภาคเอเชีย รัฐควีนส์แลนด์ตอนใต้ และหมู่เกาะแปซิฟิก แต่ละสายพันธุ์จะมีสีสันของใบและลักษณะใบแตกต่างกันไป ทำให้มีเสน่ห์เป็นเอกลักษณ์เฉพาะตัว นิยมปลูกประดับกันอย่างแพร่หลาย และ ""โกสนยูโด"" เป็นพันธุ์ใหม่ล่าสุดเพิ่งพบมีต้นขายเมื่อไม่นานมานี้",เพื่อให้ต้นไม้มีการเจริญเติบโตได้อย่างดี อยู่กับคุณไปนานๆ คุณก็ควรดูแลต้นไม้ให้ถูกวิธี โดยการเลือกดินให้เหมาะสมกับชนิดพืช ใส่กรวดลงไปในดินบ้างเพื่อให้ช่วยยึดพืช พร้อมเพิ่มช่องว่างให้อากาศและน้ำถ่ายเทได้อย่างสะดวก ไม่ขังอยู่ในกระถางจนรากเน่าตาย และควรรดน้ำกับความต้องการของต้นไม้ และนำไปตากแดดบ้าง เพื่อให้พืชได้รับแสงอาทิตย์ไว้คอยสังเคราะห์แสง แต่ถึงกระนั้นก็ไม่ควรตั้งกระถางต้นไม้ในที่ร้อนจัดหรือโดนแดดแรงจัดๆอย่างตรงๆมากเกินไป ส่วนพื้นที่มีลมแรงมาก ๆ ก็ไม่เหมาะ เนื่องจากอาจจะทำให้ลำต้นเอียงได้
"โกสน เป็นไม้ประดับที่ปลูกเพื่ออวดความสวยงามของใบ โดยทั่วไปมีถิ่นกำเนิดในแถบภูมิภาคเอเชีย รัฐควีนส์แลนด์ตอนใต้ และหมู่เกาะแปซิฟิก แต่ละสายพันธุ์จะมีสีสันของใบและลักษณะใบแตกต่างกันไป ทำให้มีเสน่ห์เป็นเอกลักษณ์เฉพาะตัว นิยมปลูกประดับกันอย่างแพร่หลาย และ ""โกสนยูโด"" เป็นพันธุ์ใหม่ล่าสุดเพิ่งพบมีต้นขายเมื่อไม่นานมานี้",เพื่อให้ต้นไม้มีการเจริญเติบโตได้อย่างดี อยู่กับคุณไปนานๆ คุณก็ควรดูแลต้นไม้ให้ถูกวิธี โดยการเลือกดินให้เหมาะสมกับชนิดพืช ใส่กรวดลงไปในดินบ้างเพื่อให้ช่วยยึดพืช พร้อมเพิ่มช่องว่างให้อากาศและน้ำถ่ายเทได้อย่างสะดวก ไม่ขังอยู่ในกระถางจนรากเน่าตาย และควรรดน้ำกับความต้องการของต้นไม้ และนำไปตากแดดบ้าง เพื่อให้พืชได้รับแสงอาทิตย์ไว้คอยสังเคราะห์แสง แต่ถึงกระนั้นก็ไม่ควรตั้งกระถางต้นไม้ในที่ร้อนจัดหรือโดนแดดแรงจัดๆอย่างตรงๆมากเกินไป ส่วนพื้นที่มีลมแรงมาก ๆ ก็ไม่เหมาะ เนื่องจากอาจจะทำให้ลำต้นเอียงได้
กัญชา หรือ ต้นกัญชา เป็นสารเสพติดโดยตั้งใจใช้เป็นยาที่ออกฤทธิ์ต่อจิตประสาทและเป็นยารักษาโรค ในทางเภสัชวิทยา องค์ประกอบที่ออกฤทธิ์ต่อจิตประสาทหลักของกัญชา คือ เตตระไฮโดรแคนนาบินอล,เพื่อให้ต้นไม้มีการเจริญเติบโตได้อย่างดี อยู่กับคุณไปนานๆ คุณก็ควรดูแลต้นไม้ให้ถูกวิธี โดยการเลือกดินให้เหมาะสมกับชนิดพืช ใส่กรวดลงไปในดินบ้างเพื่อให้ช่วยยึดพืช พร้อมเพิ่มช่องว่างให้อากาศและน้ำถ่ายเทได้อย่างสะดวก ไม่ขังอยู่ในกระถางจนรากเน่าตาย และควรรดน้ำกับความต้องการของต้นไม้ และนำไปตากแดดบ้าง เพื่อให้พืชได้รับแสงอาทิตย์ไว้คอยสังเคราะห์แสง แต่ถึงกระนั้นก็ไม่ควรตั้งกระถางต้นไม้ในที่ร้อนจัดหรือโดนแดดแรงจัดๆอย่างตรงๆมากเกินไป ส่วนพื้นที่มีลมแรงมาก ๆ ก็ไม่เหมาะ เนื่องจากอาจจะทำให้ลำต้นเอียงได้
ฟ้าทะลายโจร Andrographis Paniculata (Burm.f.) Nees. เป็นพืชล้มลุกฤดูเดียว ที่อยู่ในวงศ์ Acanthaceae (วงศ์เหงือกปลาหมอ) มีถิ่นกำเนิดในอินเดียและศรีลังกา ลักษณะเป็นไม้พุ่มเตี้ย มีความสูงประมาณ 30 – 70 เซนติเมตร,เพื่อให้ต้นไม้มีการเจริญเติบโตได้อย่างดี อยู่กับคุณไปนานๆ คุณก็ควรดูแลต้นไม้ให้ถูกวิธี โดยการเลือกดินให้เหมาะสมกับชนิดพืช ใส่กรวดลงไปในดินบ้างเพื่อให้ช่วยยึดพืช พร้อมเพิ่มช่องว่างให้อากาศและน้ำถ่ายเทได้อย่างสะดวก ไม่ขังอยู่ในกระถางจนรากเน่าตาย และควรรดน้ำกับความต้องการของต้นไม้ และนำไปตากแดดบ้าง เพื่อให้พืชได้รับแสงอาทิตย์ไว้คอยสังเคราะห์แสง แต่ถึงกระนั้นก็ไม่ควรตั้งกระถางต้นไม้ในที่ร้อนจัดหรือโดนแดดแรงจัดๆอย่างตรงๆมากเกินไป ส่วนพื้นที่มีลมแรงมาก ๆ ก็ไม่เหมาะ เนื่องจากอาจจะทำให้ลำต้นเอียงได้
ไม้ล้มลุกมีเหง้าใต้ดินอยู่ได้หลายปี สูง 40-60 เซนติเมตร อาจขึ้นเป็นต้นเดียวหรือหลายต้นรวมกันเป็นกอ สูงประมาณ 20-30 เซนติเมตร ใบเป็นกาบห่อรวมตัวกันแน่นเป็นลำต้นเทียม ใบเดี่ยว เรียงสลับ รูปขอบขนาน ปลายใบแหลม ฐานใบแหลม เส้นใบขนาน ยาว 30-40 เซนติเมตร กว้าง 15-20 เซนติเมตร ขอบใบเรียบ ผิวเกลี้ยง หรือมีขนสั้นนุ่ม ดอกออกเป็นช่อแน่นแบบช่อ,เพื่อให้ต้นไม้มีการเจริญเติบโตได้อย่างดี อยู่กับคุณไปนานๆ คุณก็ควรดูแลต้นไม้ให้ถูกวิธี โดยการเลือกดินให้เหมาะสมกับชนิดพืช ใส่กรวดลงไปในดินบ้างเพื่อให้ช่วยยึดพืช พร้อมเพิ่มช่องว่างให้อากาศและน้ำถ่ายเทได้อย่างสะดวก ไม่ขังอยู่ในกระถางจนรากเน่าตาย และควรรดน้ำกับความต้องการของต้นไม้ และนำไปตากแดดบ้าง เพื่อให้พืชได้รับแสงอาทิตย์ไว้คอยสังเคราะห์แสง แต่ถึงกระนั้นก็ไม่ควรตั้งกระถางต้นไม้ในที่ร้อนจัดหรือโดนแดดแรงจัดๆอย่างตรงๆมากเกินไป ส่วนพื้นที่มีลมแรงมาก ๆ ก็ไม่เหมาะ เนื่องจากอาจจะทำให้ลำต้นเอียงได้
ต้นกระชาย มีถิ่นกำเนิดในเขตร้อนบริเวณเอเชียตะวันออกเฉียงใต้ โดยจัดเป็นไม้ล้มลุก มีเหง้าสั้น แตกหน่อได้ มีรากอวบ เป็นรูปทรงกระบอกหรือรูปทรงไข่ค่อนข้างยาว ปลายเรียว มีความยาวประมาณ 4-10 เซนติเมตร และกว้างประมาณ 1-2 เซนติเมตร ออกเป็นกระจุก ผิวมีสีน้ำตาลอ่อน ส่วนเนื้อในมีสีเหลืองและมีกลิ่นหอมเฉพาะตัว มักพบขึ้นในป่าดิบร้อนชื้น,เพื่อให้ต้นไม้มีการเจริญเติบโตได้อย่างดี อยู่กับคุณไปนานๆ คุณก็ควรดูแลต้นไม้ให้ถูกวิธี โดยการเลือกดินให้เหมาะสมกับชนิดพืช ใส่กรวดลงไปในดินบ้างเพื่อให้ช่วยยึดพืช พร้อมเพิ่มช่องว่างให้อากาศและน้ำถ่ายเทได้อย่างสะดวก ไม่ขังอยู่ในกระถางจนรากเน่าตาย และควรรดน้ำกับความต้องการของต้นไม้ และนำไปตากแดดบ้าง เพื่อให้พืชได้รับแสงอาทิตย์ไว้คอยสังเคราะห์แสง แต่ถึงกระนั้นก็ไม่ควรตั้งกระถางต้นไม้ในที่ร้อนจัดหรือโดนแดดแรงจัดๆอย่างตรงๆมากเกินไป ส่วนพื้นที่มีลมแรงมาก ๆ ก็ไม่เหมาะ เนื่องจากอาจจะทำให้ลำต้นเอียงได้
"ต้นการบูร เป็นพรรณไม้พื้นเมืองของประเทศจีน ญี่ปุ่น และไต้หวัน มีเขตการกระจายพันธุ์ในแถบเมดิเตอร์เรเนียน อินโดนีเซีย อินเดีย อียิปต์ แอฟริกาใต้ จาไมกา บราซิล สหรัฐอเมริกา และประเทศไทย โดยจัดเป็นไม้ยืนต้นขนาดใหญ่ ลักษณะเป็นทรงพุ่มกว้างและทึบ มีความสูงของต้นได้ถึง 30 เมตร ลำต้นมีขนาดเส้นผ่านศูนย์กลางถึง 1.5 เมตร เปลือกต้นเป็นสีน้ำตาล ผิวหยาบ ส่วนเปลือกกิ่งเป็นสีเขียวหรือเป็นสีน้ำตาลอ่อน ลำต้นและกิ่งเรียบไม่มีขน ส่วนเนื้อไม้เป็นสีน้ำตาลปนแดง เมื่อนำมากลั่นแล้วจะได้ ""การบูร"" ทุกส่วนมีกลิ่นหอม โดยเฉพาะที่ส่วนที่ของรากและโคนต้น ขยายพันธุ์ด้วยวิธีการเพาะเมล็ด และวิธีการปักชำ",เพื่อให้ต้นไม้มีการเจริญเติบโตได้อย่างดี อยู่กับคุณไปนานๆ คุณก็ควรดูแลต้นไม้ให้ถูกวิธี โดยการเลือกดินให้เหมาะสมกับชนิดพืช ใส่กรวดลงไปในดินบ้างเพื่อให้ช่วยยึดพืช พร้อมเพิ่มช่องว่างให้อากาศและน้ำถ่ายเทได้อย่างสะดวก ไม่ขังอยู่ในกระถางจนรากเน่าตาย และควรรดน้ำกับความต้องการของต้นไม้ และนำไปตากแดดบ้าง เพื่อให้พืชได้รับแสงอาทิตย์ไว้คอยสังเคราะห์แสง แต่ถึงกระนั้นก็ไม่ควรตั้งกระถางต้นไม้ในที่ร้อนจัดหรือโดนแดดแรงจัดๆอย่างตรงๆมากเกินไป ส่วนพื้นที่มีลมแรงมาก ๆ ก็ไม่เหมาะ เนื่องจากอาจจะทำให้ลำต้นเอียงได้
งาดำ จัดเป็นพืชที่มีคุณประโยชน์มากมาย การรับประทานเป็นอาหารเพื่อสุขภาพอย่างต่อเนื่องเป็นประจำ จะช่วยเสริมสร้างสุขภาพให้แข็งแรง เมื่ออายุมากขึ้นร่างกายของคุณจะแข็งแรงกว่าผู้ที่ไม่ได้รับประทานอย่างแน่นอน และเป็นยาที่รักษาได้ทุกโรค,เพื่อให้ต้นไม้มีการเจริญเติบโตได้อย่างดี อยู่กับคุณไปนานๆ คุณก็ควรดูแลต้นไม้ให้ถูกวิธี โดยการเลือกดินให้เหมาะสมกับชนิดพืช ใส่กรวดลงไปในดินบ้างเพื่อให้ช่วยยึดพืช พร้อมเพิ่มช่องว่างให้อากาศและน้ำถ่ายเทได้อย่างสะดวก ไม่ขังอยู่ในกระถางจนรากเน่าตาย และควรรดน้ำกับความต้องการของต้นไม้ และนำไปตากแดดบ้าง เพื่อให้พืชได้รับแสงอาทิตย์ไว้คอยสังเคราะห์แสง แต่ถึงกระนั้นก็ไม่ควรตั้งกระถางต้นไม้ในที่ร้อนจัดหรือโดนแดดแรงจัดๆอย่างตรงๆมากเกินไป ส่วนพื้นที่มีลมแรงมาก ๆ ก็ไม่เหมาะ เนื่องจากอาจจะทำให้ลำต้นเอียงได้
"หญ้าหวาน ชื่อวิทยาศาสตร์ Stevia rebaudiana (Bertoni) Bertoni (ชื่อพ้องวิทยาศาสตร์ Eupatorium rebaudianum Bertoni, Stevia rebaudiana (Bertoni) Hemsl.) จัดอยู่ในวงศ์ทานตะวัน (ASTERACEAE หรือ COMPOSITAE) เป็นพืชพื้นเมืองของประเทศบราซิลและทางภาคตะวันออกเฉียงเหนือของประเทศปารากวัยในทวีปอเมริกาใต้",เพื่อให้ต้นไม้มีการเจริญเติบโตได้อย่างดี อยู่กับคุณไปนานๆ คุณก็ควรดูแลต้นไม้ให้ถูกวิธี โดยการเลือกดินให้เหมาะสมกับชนิดพืช ใส่กรวดลงไปในดินบ้างเพื่อให้ช่วยยึดพืช พร้อมเพิ่มช่องว่างให้อากาศและน้ำถ่ายเทได้อย่างสะดวก ไม่ขังอยู่ในกระถางจนรากเน่าตาย และควรรดน้ำกับความต้องการของต้นไม้ และนำไปตากแดดบ้าง เพื่อให้พืชได้รับแสงอาทิตย์ไว้คอยสังเคราะห์แสง แต่ถึงกระนั้นก็ไม่ควรตั้งกระถางต้นไม้ในที่ร้อนจัดหรือโดนแดดแรงจัดๆอย่างตรงๆมากเกินไป ส่วนพื้นที่มีลมแรงมาก ๆ ก็ไม่เหมาะ เนื่องจากอาจจะทำให้ลำต้นเอียงได้
ว่านชักมดลูก เป็นพืชที่มีลำต้นเป็นหัวอยู่ใต้ดิน อยู่ในวงศ์ขิง กลุ่มเดียวกับขมิ้นชัน การสุ่มซื้อว่านชักมดลูกในตลาดสมุนไพร พบว่าเป็นเหง้าที่มีลักษณะต่างกันอยู่ กลุ่มที่พบมากจะเรียกกันว่า ว่านชักมดลูกตัวเมีย (Curcuma comosa) และ ว่านชักมดลูกตัวผู้ (Curcuma latifolia),เพื่อให้ต้นไม้มีการเจริญเติบโตได้อย่างดี อยู่กับคุณไปนานๆ คุณก็ควรดูแลต้นไม้ให้ถูกวิธี โดยการเลือกดินให้เหมาะสมกับชนิดพืช ใส่กรวดลงไปในดินบ้างเพื่อให้ช่วยยึดพืช พร้อมเพิ่มช่องว่างให้อากาศและน้ำถ่ายเทได้อย่างสะดวก ไม่ขังอยู่ในกระถางจนรากเน่าตาย และควรรดน้ำกับความต้องการของต้นไม้ และนำไปตากแดดบ้าง เพื่อให้พืชได้รับแสงอาทิตย์ไว้คอยสังเคราะห์แสง แต่ถึงกระนั้นก็ไม่ควรตั้งกระถางต้นไม้ในที่ร้อนจัดหรือโดนแดดแรงจัดๆอย่างตรงๆมากเกินไป ส่วนพื้นที่มีลมแรงมาก ๆ ก็ไม่เหมาะ เนื่องจากอาจจะทำให้ลำต้นเอียงได้
เป็นพืชล้มลุกอายุหลายปี เจริญเติบโตได้ดีในเขตอากาศกึ่งร้อน คือมีอุณหภูมิระหว่าง 18–35 องศาโดยประมาณ เป็นพืชที่สามารถนำมาเป็นสมุนไพรได้ เพราะมีสรรพคุณทางยาที่ช่วยรักษาเกี่ยวกับโรคกระเพาะอาหาร,เพื่อให้ต้นไม้มีการเจริญเติบโตได้อย่างดี อยู่กับคุณไปนานๆ คุณก็ควรดูแลต้นไม้ให้ถูกวิธี โดยการเลือกดินให้เหมาะสมกับชนิดพืช ใส่กรวดลงไปในดินบ้างเพื่อให้ช่วยยึดพืช พร้อมเพิ่มช่องว่างให้อากาศและน้ำถ่ายเทได้อย่างสะดวก ไม่ขังอยู่ในกระถางจนรากเน่าตาย และควรรดน้ำกับความต้องการของต้นไม้ และนำไปตากแดดบ้าง เพื่อให้พืชได้รับแสงอาทิตย์ไว้คอยสังเคราะห์แสง แต่ถึงกระนั้นก็ไม่ควรตั้งกระถางต้นไม้ในที่ร้อนจัดหรือโดนแดดแรงจัดๆอย่างตรงๆมากเกินไป ส่วนพื้นที่มีลมแรงมาก ๆ ก็ไม่เหมาะ เนื่องจากอาจจะทำให้ลำต้นเอียงได้
กวาวเครือขาว เป็นสมุนไพรที่ได้รับความนิยมในปัจจุบัน มี 2 พันธุ์ ได้แก่ Pueraria candollei Graham ex Benth. var. mirifica (Airy Shew Savat.) พบมากในจังหวัดสระบุรี โดยฝักจะมีขนยาวกว่าอีกพันธุ์คือ Pueraria candollei Graham ex Benth. var. candollei พบมากในจังหวัดกาญจนบุรีและลำปาง,เพื่อให้ต้นไม้มีการเจริญเติบโตได้อย่างดี อยู่กับคุณไปนานๆ คุณก็ควรดูแลต้นไม้ให้ถูกวิธี โดยการเลือกดินให้เหมาะสมกับชนิดพืช ใส่กรวดลงไปในดินบ้างเพื่อให้ช่วยยึดพืช พร้อมเพิ่มช่องว่างให้อากาศและน้ำถ่ายเทได้อย่างสะดวก ไม่ขังอยู่ในกระถางจนรากเน่าตาย และควรรดน้ำกับความต้องการของต้นไม้ และนำไปตากแดดบ้าง เพื่อให้พืชได้รับแสงอาทิตย์ไว้คอยสังเคราะห์แสง แต่ถึงกระนั้นก็ไม่ควรตั้งกระถางต้นไม้ในที่ร้อนจัดหรือโดนแดดแรงจัดๆอย่างตรงๆมากเกินไป ส่วนพื้นที่มีลมแรงมาก ๆ ก็ไม่เหมาะ เนื่องจากอาจจะทำให้ลำต้นเอียงได้
"ว่านดอกทอง หรือที่ในละครเรียกว่า ""รากราคะ"" หรือ ""ว่านรากราคะ"" มีชื่อวิทยาศาสตร์ว่า Curcuma spp. เป็นพืชอยู่ในวงศ์ซิงจิเบอร์เรซี (Zingiberaceae) ซึ่งเป็นพืชตระกูลเดียวกับขิง ถือเป็นว่านโบราณหายาก และใกล้จะสูญพันธุ์แล้ว โดยในประเทศไทยสามารถพบ ""ว่านดอกทอง"" ได้ที่ภาคตะวันตก และภาคเหนือ เช่น ในจังหวัดกาญจนบุรี ตาก และลำปาง",เพื่อให้ต้นไม้มีการเจริญเติบโตได้อย่างดี อยู่กับคุณไปนานๆ คุณก็ควรดูแลต้นไม้ให้ถูกวิธี โดยการเลือกดินให้เหมาะสมกับชนิดพืช ใส่กรวดลงไปในดินบ้างเพื่อให้ช่วยยึดพืช พร้อมเพิ่มช่องว่างให้อากาศและน้ำถ่ายเทได้อย่างสะดวก ไม่ขังอยู่ในกระถางจนรากเน่าตาย และควรรดน้ำกับความต้องการของต้นไม้ และนำไปตากแดดบ้าง เพื่อให้พืชได้รับแสงอาทิตย์ไว้คอยสังเคราะห์แสง แต่ถึงกระนั้นก็ไม่ควรตั้งกระถางต้นไม้ในที่ร้อนจัดหรือโดนแดดแรงจัดๆอย่างตรงๆมากเกินไป ส่วนพื้นที่มีลมแรงมาก ๆ ก็ไม่เหมาะ เนื่องจากอาจจะทำให้ลำต้นเอียงได้
ต้นโสมเกาหลี มีถิ่นกำเนิดในประเทศจีนตอนเหนือและประเทศเกาหลี จัดเป็นพืชล้มลุกมีอายุหลายปี ลำต้นฉ่ำน้ำ และมีขนาดประมาณ 60-80 เซนติเมตร ลำต้นมีลักษณะกลมและตั้งตรง มีรากเก็บอาการลักษณะพองโต แยกเป็นง่าม นิยมเก็บรากมาใช้เป็นยาเมื่ออายุประมาณ 4-6 ปี โดยมักขึ้นใต้ร่มเงาไม้อื่น ลำต้นจะแห้งไปในช่วงฤดูหนาว,เพื่อให้ต้นไม้มีการเจริญเติบโตได้อย่างดี อยู่กับคุณไปนานๆ คุณก็ควรดูแลต้นไม้ให้ถูกวิธี โดยการเลือกดินให้เหมาะสมกับชนิดพืช ใส่กรวดลงไปในดินบ้างเพื่อให้ช่วยยึดพืช พร้อมเพิ่มช่องว่างให้อากาศและน้ำถ่ายเทได้อย่างสะดวก ไม่ขังอยู่ในกระถางจนรากเน่าตาย และควรรดน้ำกับความต้องการของต้นไม้ และนำไปตากแดดบ้าง เพื่อให้พืชได้รับแสงอาทิตย์ไว้คอยสังเคราะห์แสง แต่ถึงกระนั้นก็ไม่ควรตั้งกระถางต้นไม้ในที่ร้อนจัดหรือโดนแดดแรงจัดๆอย่างตรงๆมากเกินไป ส่วนพื้นที่มีลมแรงมาก ๆ ก็ไม่เหมาะ เนื่องจากอาจจะทำให้ลำต้นเอียงได้
อบเชย เป็นเครื่องเทศที่เชื่อว่าอาจมีคุณประโยชน์ต่อสุขภาพ เช่น ช่วยสมานแผล ป้องกันอาการท้องร่วง มีฤทธิ์ต้านอนุมูลอิสระ ต้านการอักเสบ หรือลดระดับน้ำตาลในเลือด เนื่องจากเปลือกของอบเชยประกอบไปด้วยสารแทนนิน (Tannins) สารอนุมูลอิสระชนิดหนึ่งซึ่งอาจเป็นประโยชน์ต่อร่างกาย,เพื่อให้ต้นไม้มีการเจริญเติบโตได้อย่างดี อยู่กับคุณไปนานๆ คุณก็ควรดูแลต้นไม้ให้ถูกวิธี โดยการเลือกดินให้เหมาะสมกับชนิดพืช ใส่กรวดลงไปในดินบ้างเพื่อให้ช่วยยึดพืช พร้อมเพิ่มช่องว่างให้อากาศและน้ำถ่ายเทได้อย่างสะดวก ไม่ขังอยู่ในกระถางจนรากเน่าตาย และควรรดน้ำกับความต้องการของต้นไม้ และนำไปตากแดดบ้าง เพื่อให้พืชได้รับแสงอาทิตย์ไว้คอยสังเคราะห์แสง แต่ถึงกระนั้นก็ไม่ควรตั้งกระถางต้นไม้ในที่ร้อนจัดหรือโดนแดดแรงจัดๆอย่างตรงๆมากเกินไป ส่วนพื้นที่มีลมแรงมาก ๆ ก็ไม่เหมาะ เนื่องจากอาจจะทำให้ลำต้นเอียงได้
ขมิ้นชัน (Turmeric) หรือขมิ้น เป็นพืชที่มีเหง้าอยู่ใต้ดิน เนื้อของเหง้ามีสีเหลืองเข้มไปจนถึงสีแสด เอกลักษณ์ที่เด่นชัด คือ รสชาติที่จัดจ้าน สีสันมีความสวยงาม อีกทั้งยังได้มีการนำเอาสมุนไพรมาประยุกต์ผสมผสานลงไปในอาหารไทย ทำให้ได้รสชาติที่ดูแตกต่างแต่ลงตัว เมื่อพูดถึงเรื่อง สมุนไพร ที่คนไทยนิยมนำมาทำอาหาร เราคงจะพลาดที่จะเอ่ยถึง ขมิ้นชัน ไม่ได้ เพราะว่าเป็นอีกหนึ่งวัตถุดิบที่ทำให้อาหารมีสีสันสะดุดตา ตลอดจนมีสรรพคุณทางยาที่เป็นประโยชน์ต่อร่างกายเพิ่มพูนเป็นลำดับถัดมาจากความอร่อย ตอนนี้เราจะมาทำความรู้จักกับสมุนไพรชนิดกันให้มากขึ้น เพราะเหตุใดจึงเป็นที่นิยม และประโยชน์ที่ได้จากสมุนไพรชนิดนี้มีอะไรบ้าง หากพร้อมแล้วมาเริ่มเรียนรู้ไปพร้อมๆ กัน,เพื่อให้ต้นไม้มีการเจริญเติบโตได้อย่างดี อยู่กับคุณไปนานๆ คุณก็ควรดูแลต้นไม้ให้ถูกวิธี โดยการเลือกดินให้เหมาะสมกับชนิดพืช ใส่กรวดลงไปในดินบ้างเพื่อให้ช่วยยึดพืช พร้อมเพิ่มช่องว่างให้อากาศและน้ำถ่ายเทได้อย่างสะดวก ไม่ขังอยู่ในกระถางจนรากเน่าตาย และควรรดน้ำกับความต้องการของต้นไม้ และนำไปตากแดดบ้าง เพื่อให้พืชได้รับแสงอาทิตย์ไว้คอยสังเคราะห์แสง แต่ถึงกระนั้นก็ไม่ควรตั้งกระถางต้นไม้ในที่ร้อนจัดหรือโดนแดดแรงจัดๆอย่างตรงๆมากเกินไป ส่วนพื้นที่มีลมแรงมาก ๆ ก็ไม่เหมาะ เนื่องจากอาจจะทำให้ลำต้นเอียงได้
ว่านหางจระเข้จึงเป็นสมุนไพร มหัศจรรย์ที่ช่วยรักษาบาดแผลไฟไหม้ น้ำร้อนลวก แผลที่เกิดจากการฉายรังสีได้ดี นอกจากนี้ยังสามารถใช้ในลักษณะ ของเครื่องสำอางได้ด้วยคือป้องกันผิวไหม้เพราะแดดและบำรุงผิว ด้วยวิวัฒนาการทางเทคโนโลยี ทำให้ควบคุมคุณภาพผลิตในรูปแบบของเจล มีความเข้มข้นถึง 87.40% เนื้อเจลคงตัวนานและปราศจากการปนเปื้อนจุลินทรีย์ จึงเหมาะเป็นยาที่ควรมีไว้ประจำบ้าน,เพื่อให้ต้นไม้มีการเจริญเติบโตได้อย่างดี อยู่กับคุณไปนานๆ คุณก็ควรดูแลต้นไม้ให้ถูกวิธี โดยการเลือกดินให้เหมาะสมกับชนิดพืช ใส่กรวดลงไปในดินบ้างเพื่อให้ช่วยยึดพืช พร้อมเพิ่มช่องว่างให้อากาศและน้ำถ่ายเทได้อย่างสะดวก ไม่ขังอยู่ในกระถางจนรากเน่าตาย และควรรดน้ำกับความต้องการของต้นไม้ และนำไปตากแดดบ้าง เพื่อให้พืชได้รับแสงอาทิตย์ไว้คอยสังเคราะห์แสง แต่ถึงกระนั้นก็ไม่ควรตั้งกระถางต้นไม้ในที่ร้อนจัดหรือโดนแดดแรงจัดๆอย่างตรงๆมากเกินไป ส่วนพื้นที่มีลมแรงมาก ๆ ก็ไม่เหมาะ เนื่องจากอาจจะทำให้ลำต้นเอียงได้
ต้นรางจืด เป็นไม้เลื้อยหรือไม้เถาที่มีเนื้อแข็ง ลำต้นหรือเถานั้นจะกลมเป็นปล้อง มีสีเขียวสดหรือสีเขียวเข้ม ลำต้นไม่มีขนและไม่มีมือจับเหมือนกับตำลึง และมะระ แต่อาศัยลำต้นในการพันรัดขึ้นไป รางจืดเป็นพืชในเขตร้อนและเขตอบอุ่นของทวีปเอเชีย จึงสามารถขึ้นได้ทั่วไปตามป่าดิบชื้นของประเทศไทยทั่วทุกภาค เจริญเติบโตได้เร็วมาก และขยายพันธุ์ด้วยวิธีการใช้เถาในการปักชำ,เพื่อให้ต้นไม้มีการเจริญเติบโตได้อย่างดี อยู่กับคุณไปนานๆ คุณก็ควรดูแลต้นไม้ให้ถูกวิธี โดยการเลือกดินให้เหมาะสมกับชนิดพืช ใส่กรวดลงไปในดินบ้างเพื่อให้ช่วยยึดพืช พร้อมเพิ่มช่องว่างให้อากาศและน้ำถ่ายเทได้อย่างสะดวก ไม่ขังอยู่ในกระถางจนรากเน่าตาย และควรรดน้ำกับความต้องการของต้นไม้ และนำไปตากแดดบ้าง เพื่อให้พืชได้รับแสงอาทิตย์ไว้คอยสังเคราะห์แสง แต่ถึงกระนั้นก็ไม่ควรตั้งกระถางต้นไม้ในที่ร้อนจัดหรือโดนแดดแรงจัดๆอย่างตรงๆมากเกินไป ส่วนพื้นที่มีลมแรงมาก ๆ ก็ไม่เหมาะ เนื่องจากอาจจะทำให้ลำต้นเอียงได้
ตาข่ายพลาสติก โดยปกติมักจะใช้ทดแทนตาข่ายลวดเหล็กหรือตาข่ายอลูมิเนียม สำหรับบริเวณที่ต้องโดนน้ำบ่อยๆหรืออยู่ในที่ค่อยข้างชื้น และไม่ต้องการความแข็งแบบเหล็ก อีกคุณสมบัติเด่น คือ พลาสติกจะไม่มีรอยคม จึงไม่เป็นอันตรายต่อสัตว์เลี้ยง อีกทั้งยังสามารถทำความสะอาดได้ง่าย,-
"ตาข่ายกรองแสง หรือที่ทั่วไปนิยมเรียกกันว่า “สแลน” หรืออีกหลายๆ ชื่อ เช่น สแลนกรองแสง,สแลนบังแดด,ตาข่ายพรางแสง,สแลนสีเขียว หรือ มุ้งเขียว เป็นต้น ที่มีลักษณะเป็นผืน สีเขียว หรือ สีดำ",-
กรรไกรตัดกิ่งถือว่าเป็นอาวุธประจำมือของคนรักสวนไม่ว่าจะใช้งานตัดแต่งกิ่งไม้ ตัดเล็มทรงพุ่มต้นไม้ให้เข้ารูป หรือขยายพันธุ์พืช เรียกว่าเป็นเครื่องมือสามัญประจำสวนที่ควรจะมีติดเอาไว้ เราจึงมีเคล็ดลับการใช้เลือกกรรไกรตัดกิ่งที่ถูกต้อง สำหรับนำไปใช้ให้เหมาะกับงานแต่ละประเภท ตลอดจนการดูแลเครื่องมือให้อยู่ในสภาพที่ดี เพื่อให้งานสวนราบรื่น มีประสิทธิภาพ,เมื่อใช้แล้วควรล้างทำความสะอาด เช็ดให้แห้งแล้วทาด้วยน้ำมันเพื่อกันสนิม เก็บเข้าที่ให้เรียบร้อย
เอาไว้ตัดหญ้าบนพื้นดิน,เมื่อใช้แล้วควรล้างทำความสะอาด เช็ดให้แห้งแล้วทาด้วยน้ำมันเพื่อกันสนิม เก็บเข้าที่ให้เรียบร้อย
ช้อนตักดินเล็ก เป็นเครื่องมือที่สำคัญมากในการเตรียมดิน จะใช้จอบในการขุดดินยกแปลงปลูก,เมื่อใช้แล้วควรล้างทำความสะอาด เช็ดให้แห้งแล้วทาด้วยน้ำมันเพื่อกันสนิม เก็บเข้าที่ให้เรียบร้อย
เลื่อยตัดเหล็ก คือ เครื่องมือที่ใช้ในการตัดเหล็ก ใบเลื่อยมีลักษณะเป็นแถบยาว ปลายใบเลื่อยทั้ง ๒ ข้างติดกับปลายและโคนคันเลื่อย ทำด้วยเหล็กทั่วไป เลื่อยที่ผลิตจากเหล็ก HSS Steel ถือว่าเป็นเหล็กชนิดที่แข็งกว่าเหล็กธรรมดา และ Bi-metal steel เป็นเหล็กผสม 2 ชนิดคือ เหล็กสปริงและ HSS steel เพื่อให้เลื่อยมีความยืดหยุ่นมากขึ้น,เมื่อใช้แล้วควรล้างทำความสะอาด เช็ดให้แห้งแล้วทาด้วยน้ำมันเพื่อกันสนิม เก็บเข้าที่ให้เรียบร้อย
มีลักษณะปลายแหลม ปลายโค้งเล็กน้อย ใช้สำหรับควั่นกิ่งที่ต้องการจะตอน,เมื่อใช้แล้วควรล้างทำความสะอาด เช็ดให้แห้งแล้วทาด้วยน้ำมันเพื่อกันสนิม เก็บเข้าที่ให้เรียบร้อย
เอาไว้ใส่ต้นไม้ขนาดเล็ก,-
เอาไว้้ใส่ต้นไม้ขนาดใหญ่,-
จอบ เป็นเครื่องมือที่สำคัญมากในการเตรียมดิน จะใช้จอบในการขุดดินยกแปลงปลูก,เมื่อใช้แล้วควรล้างทำความสะอาด เช็ดให้แห้งแล้วทาด้วยน้ำมันเพื่อกันสนิม เก็บเข้าที่ให้เรียบร้อย
ช้อนเล็กพรวนดิน SOMIC เป็นเครื่องมือที่ช่วยอำนวยให้การปฏิบัติงานเกษตรมีความสะดวกและรวดเร็ว ลดแรง ถ้าคุณเองเป็นคนหนึ่งที่ชอบการทำสวนหรือสนใจอยากเริ่มทำสวน การเลือกซื้อเครื่องพรวนดินดีๆ สักอันจะเป็นประโยชน์อย่างมาก,เมื่อใช้แล้วควรล้างทำความสะอาด เช็ดให้แห้งแล้วทาด้วยน้ำมันเพื่อกันสนิม เก็บเข้าที่ให้เรียบร้อย
ใช้ตักดินทำสวน,เมื่อใช้แล้วควรล้างทำความสะอาด เช็ดให้แห้งแล้วทาด้วยน้ำมันเพื่อกันสนิม เก็บเข้าที่ให้เรียบร้อย
ใช้้ลับคมของมีคม,เมื่อใช้แล้วควรล้างทำความสะอาด เช็ดให้แห้งแล้วทาด้วยน้ำมันเพื่อกันสนิม เก็บเข้าที่ให้เรียบร้อย
ใช้เกี่ยหน้าดิน,เมื่อใช้แล้วควรล้างทำความสะอาด เช็ดให้แห้งแล้วทาด้วยน้ำมันเพื่อกันสนิม เก็บเข้าที่ให้เรียบร้อย
"เก็บผลไม้ในแนวดิ่ง , ผลไม้ที่มีผิวอ่อนโด",-
ใช้พรวนดินในกรถาง,เมื่อใช้แล้วควรล้างทำความสะอาด เช็ดให้แห้งแล้วทาด้วยน้ำมันเพื่อกันสนิม เก็บเข้าที่ให้เรียบร้อย